"Year of diagnosis","Age recode with <1 year olds and 90+","Sex","Age-Adjusted Rate","Count","Population"
2000-2023,00 years,Male and female,0.0,0,25699738
2000-2023,00 years,Male,0.0,0,13143313
2000-2023,00 years,Female,0.0,0,12556425
2000-2023,01-04 years,Male and female,0.0,0,103526874
2000-2023,01-04 years,Male,0.0,0,52933060
2000-2023,01-04 years,Female,0.0,0,50593814
2000-2023,05-09 years,Male and female,0.0,0,132001597
2000-2023,05-09 years,Male,0.0,0,67498205
2000-2023,05-09 years,Female,0.0,0,64503392
2000-2023,10-14 years,Male and female,0.0,2,138033890
2000-2023,10-14 years,Male,0.0,2,70651168
2000-2023,10-14 years,Female,0.0,0,67382722
2000-2023,15-19 years,Male and female,0.0,9,138444949
2000-2023,15-19 years,Male,0.0,4,71104265
2000-2023,15-19 years,Female,0.0,5,67340684
2000-2023,20-24 years,Male and female,0.0,41,138981475
2000-2023,20-24 years,Male,0.0,24,71583470
2000-2023,20-24 years,Female,0.0,17,67398005
2000-2023,25-29 years,Male and female,0.1,123,139760066
2000-2023,25-29 years,Male,0.1,72,71196763
2000-2023,25-29 years,Female,0.1,51,68563303
2000-2023,30-34 years,Male and female,0.2,238,139912110
2000-2023,30-34 years,Male,0.2,112,70806648
2000-2023,30-34 years,Female,0.2,126,69105462
2000-2023,35-39 years,Male and female,0.3,403,139395069
2000-2023,35-39 years,Male,0.3,188,70134319
2000-2023,35-39 years,Female,0.3,215,69260750
2000-2023,40-44 years,Male and female,0.4,606,138900782
2000-2023,40-44 years,Male,0.4,286,69414696
2000-2023,40-44 years,Female,0.5,320,69486086
2000-2023,45-49 years,Male and female,0.7,930,136718223
2000-2023,45-49 years,Male,0.6,415,67966748
2000-2023,45-49 years,Female,0.7,515,68751475
2000-2023,50-54 years,Male and female,1.0,1284,132127383
2000-2023,50-54 years,Male,0.8,554,65280574
2000-2023,50-54 years,Female,1.1,730,66846809
2000-2023,55-59 years,Male and female,1.2,1401,120537452
2000-2023,55-59 years,Male,1.1,643,58933892
2000-2023,55-59 years,Female,1.2,758,61603560
2000-2023,60-64 years,Male and female,1.5,1505,102321498
2000-2023,60-64 years,Male,1.4,706,49342403
2000-2023,60-64 years,Female,1.5,799,52979095
2000-2023,65-69 years,Male and female,1.7,1417,82159473
2000-2023,65-69 years,Male,1.7,667,38746623
2000-2023,65-69 years,Female,1.7,750,43412850
2000-2023,70-74 years,Male and female,2.0,1246,63853230
2000-2023,70-74 years,Male,2.1,604,29183125
2000-2023,70-74 years,Female,1.9,642,34670105
2000-2023,75-79 years,Male and female,2.1,993,47728720
2000-2023,75-79 years,Male,2.3,488,20808693
2000-2023,75-79 years,Female,1.9,505,26920027
2000-2023,80-84 years,Male and female,1.9,639,33691061
2000-2023,80-84 years,Male,2.2,297,13660693
2000-2023,80-84 years,Female,1.7,342,20030368
2000-2023,85-89 years,Male and female,1.5,310,20226107
2000-2023,85-89 years,Male,2.0,147,7360918
2000-2023,85-89 years,Female,1.3,163,12865189
2000-2023,90+ years,Male and female,1.1,137,11973281
2000-2023,90+ years,Male,1.6,58,3567928
2000-2023,90+ years,Female,0.9,79,8405353
2000-2023,Unknown,Male and female,~,0,0
2000-2023,Unknown,Male,~,0,0
2000-2023,Unknown,Female,~,0,0
2000,00 years,Male and female,0.0,0,1067776
2000,00 years,Male,0.0,0,547071
2000,00 years,Female,0.0,0,520705
2000,01-04 years,Male and female,0.0,0,4266382
2000,01-04 years,Male,0.0,0,2181851
2000,01-04 years,Female,0.0,0,2084531
2000,05-09 years,Male and female,0.0,0,5700897
2000,05-09 years,Male,0.0,0,2920189
2000,05-09 years,Female,0.0,0,2780708
2000,10-14 years,Male and female,0.0,0,5603550
2000,10-14 years,Male,0.0,0,2871218
2000,10-14 years,Female,0.0,0,2732332
2000,15-19 years,Male and female,0.0,1,5423634
2000,15-19 years,Male,0.0,1,2798779
2000,15-19 years,Female,0.0,0,2624855
2000,20-24 years,Male and female,0.0,2,5197868
2000,20-24 years,Male,0.0,1,2683363
2000,20-24 years,Female,0.0,1,2514505
2000,25-29 years,Male and female,0.1,4,5339196
2000,25-29 years,Male,0.1,2,2723170
2000,25-29 years,Female,0.1,2,2616026
2000,30-34 years,Male and female,0.1,4,5702177
2000,30-34 years,Male,0.0,0,2893335
2000,30-34 years,Female,0.1,4,2808842
2000,35-39 years,Male and female,0.1,7,6146055
2000,35-39 years,Male,0.1,3,3084987
2000,35-39 years,Female,0.1,4,3061068
2000,40-44 years,Male and female,0.3,17,5982564
2000,40-44 years,Male,0.3,10,2979952
2000,40-44 years,Female,0.2,7,3002612
2000,45-49 years,Male and female,0.4,19,5300905
2000,45-49 years,Male,0.4,11,2610812
2000,45-49 years,Female,0.3,8,2690093
2000,50-54 years,Male and female,0.8,35,4626098
2000,50-54 years,Male,0.4,8,2263938
2000,50-54 years,Female,1.1,27,2362160
2000,55-59 years,Male and female,0.6,21,3447696
2000,55-59 years,Male,0.7,11,1671952
2000,55-59 years,Female,0.6,10,1775744
2000,60-64 years,Male and female,1.0,27,2691241
2000,60-64 years,Male,0.9,11,1282511
2000,60-64 years,Female,1.1,16,1408730
2000,65-69 years,Male and female,1.0,23,2310517
2000,65-69 years,Male,1.2,13,1066429
2000,65-69 years,Female,0.8,10,1244088
2000,70-74 years,Male and female,1.4,29,2122158
2000,70-74 years,Male,1.4,13,932680
2000,70-74 years,Female,1.3,16,1189478
2000,75-79 years,Male and female,1.7,31,1803814
2000,75-79 years,Male,1.9,14,744241
2000,75-79 years,Female,1.6,17,1059573
2000,80-84 years,Male and female,0.9,11,1199627
2000,80-84 years,Male,1.3,6,453265
2000,80-84 years,Female,0.7,5,746362
2000,85-89 years,Male and female,1.0,7,672100
2000,85-89 years,Male,1.8,4,217314
2000,85-89 years,Female,0.7,3,454786
2000,90+ years,Male and female,1.1,4,348292
2000,90+ years,Male,1.1,1,87588
2000,90+ years,Female,1.2,3,260704
2000,Unknown,Male and female,~,0,0
2000,Unknown,Male,~,0,0
2000,Unknown,Female,~,0,0
2001,00 years,Male and female,0.0,0,1116321
2001,00 years,Male,0.0,0,570958
2001,00 years,Female,0.0,0,545363
2001,01-04 years,Male and female,0.0,0,4236952
2001,01-04 years,Male,0.0,0,2167200
2001,01-04 years,Female,0.0,0,2069752
2001,05-09 years,Male and female,0.0,0,5616969
2001,05-09 years,Male,0.0,0,2876395
2001,05-09 years,Female,0.0,0,2740574
2001,10-14 years,Male and female,0.0,0,5727913
2001,10-14 years,Male,0.0,0,2934760
2001,10-14 years,Female,0.0,0,2793153
2001,15-19 years,Male and female,0.0,0,5464048
2001,15-19 years,Male,0.0,0,2827042
2001,15-19 years,Female,0.0,0,2637006
2001,20-24 years,Male and female,0.0,2,5387509
2001,20-24 years,Male,0.0,0,2778704
2001,20-24 years,Female,0.1,2,2608805
2001,25-29 years,Male and female,0.0,1,5239280
2001,25-29 years,Male,0.0,1,2672231
2001,25-29 years,Female,0.0,0,2567049
2001,30-34 years,Male and female,0.2,12,5744207
2001,30-34 years,Male,0.2,7,2912283
2001,30-34 years,Female,0.2,5,2831924
2001,35-39 years,Male and female,0.1,7,6061657
2001,35-39 years,Male,0.1,3,3045737
2001,35-39 years,Female,0.1,4,3015920
2001,40-44 years,Male and female,0.3,20,6072082
2001,40-44 years,Male,0.2,5,3026049
2001,40-44 years,Female,0.5,15,3046033
2001,45-49 years,Male and female,0.6,32,5436954
2001,45-49 years,Male,0.5,14,2681009
2001,45-49 years,Female,0.7,18,2755945
2001,50-54 years,Male and female,0.8,40,4852495
2001,50-54 years,Male,1.1,25,2374166
2001,50-54 years,Female,0.6,15,2478329
2001,55-59 years,Male and female,0.8,27,3571859
2001,55-59 years,Male,0.5,8,1731630
2001,55-59 years,Female,1.0,19,1840229
2001,60-64 years,Male and female,1.2,32,2767408
2001,60-64 years,Male,1.0,13,1320134
2001,60-64 years,Female,1.3,19,1447274
2001,65-69 years,Male and female,1.1,26,2323772
2001,65-69 years,Male,1.4,15,1074545
2001,65-69 years,Female,0.9,11,1249227
2001,70-74 years,Male and female,1.5,31,2115746
2001,70-74 years,Male,2.0,19,935803
2001,70-74 years,Female,1.0,12,1179943
2001,75-79 years,Male and female,1.4,26,1806529
2001,75-79 years,Male,1.9,14,746567
2001,75-79 years,Female,1.1,12,1059962
2001,80-84 years,Male and female,1.9,24,1244840
2001,80-84 years,Male,1.7,8,473823
2001,80-84 years,Female,2.1,16,771017
2001,85-89 years,Male and female,1.3,9,682997
2001,85-89 years,Male,0.0,0,222653
2001,85-89 years,Female,2.0,9,460344
2001,90+ years,Male and female,0.6,2,354116
2001,90+ years,Male,1.1,1,90189
2001,90+ years,Female,0.4,1,263927
2001,Unknown,Male and female,~,0,0
2001,Unknown,Male,~,0,0
2001,Unknown,Female,~,0,0
2002,00 years,Male and female,0.0,0,1100637
2002,00 years,Male,0.0,0,561946
2002,00 years,Female,0.0,0,538691
2002,01-04 years,Male and female,0.0,0,4278611
2002,01-04 years,Male,0.0,0,2188445
2002,01-04 years,Female,0.0,0,2090166
2002,05-09 years,Male and female,0.0,0,5521742
2002,05-09 years,Male,0.0,0,2827378
2002,05-09 years,Female,0.0,0,2694364
2002,10-14 years,Male and female,0.0,0,5834011
2002,10-14 years,Male,0.0,0,2988174
2002,10-14 years,Female,0.0,0,2845837
2002,15-19 years,Male and female,0.0,0,5508918
2002,15-19 years,Male,0.0,0,2850052
2002,15-19 years,Female,0.0,0,2658866
2002,20-24 years,Male and female,0.0,0,5523290
2002,20-24 years,Male,0.0,0,2846225
2002,20-24 years,Female,0.0,0,2677065
2002,25-29 years,Male and female,0.0,2,5211942
2002,25-29 years,Male,0.0,1,2654149
2002,25-29 years,Female,0.0,1,2557793
2002,30-34 years,Male and female,0.1,7,5741098
2002,30-34 years,Male,0.2,5,2908534
2002,30-34 years,Female,0.1,2,2832564
2002,35-39 years,Male and female,0.3,17,5949141
2002,35-39 years,Male,0.1,4,2986523
2002,35-39 years,Female,0.4,13,2962618
2002,40-44 years,Male and female,0.4,24,6109942
2002,40-44 years,Male,0.4,12,3045748
2002,40-44 years,Female,0.4,12,3064194
2002,45-49 years,Male and female,0.5,28,5592395
2002,45-49 years,Male,0.5,15,2760031
2002,45-49 years,Female,0.5,13,2832364
2002,50-54 years,Male and female,0.6,28,4869644
2002,50-54 years,Male,0.4,9,2381955
2002,50-54 years,Female,0.8,19,2487689
2002,55-59 years,Male and female,0.9,36,3880853
2002,55-59 years,Male,1.0,18,1882943
2002,55-59 years,Female,0.9,18,1997910
2002,60-64 years,Male and female,0.9,26,2875444
2002,60-64 years,Male,1.0,14,1373030
2002,60-64 years,Female,0.8,12,1502414
2002,65-69 years,Male and female,1.0,24,2347778
2002,65-69 years,Male,0.9,10,1087783
2002,65-69 years,Female,1.1,14,1259995
2002,70-74 years,Male and female,1.2,25,2102604
2002,70-74 years,Male,1.3,12,934983
2002,70-74 years,Female,1.1,13,1167621
2002,75-79 years,Male and female,1.8,33,1805756
2002,75-79 years,Male,1.3,10,747989
2002,75-79 years,Female,2.2,23,1057767
2002,80-84 years,Male and female,1.4,18,1288528
2002,80-84 years,Male,1.4,7,493788
2002,80-84 years,Female,1.4,11,794740
2002,85-89 years,Male and female,1.3,9,694876
2002,85-89 years,Male,1.3,3,228670
2002,85-89 years,Female,1.3,6,466206
2002,90+ years,Male and female,1.1,4,360286
2002,90+ years,Male,3.2,3,92998
2002,90+ years,Female,0.4,1,267288
2002,Unknown,Male and female,~,0,0
2002,Unknown,Male,~,0,0
2002,Unknown,Female,~,0,0
2003,00 years,Male and female,0.0,0,1113922
2003,00 years,Male,0.0,0,569936
2003,00 years,Female,0.0,0,543986
2003,01-04 years,Male and female,0.0,0,4319305
2003,01-04 years,Male,0.0,0,2208037
2003,01-04 years,Female,0.0,0,2111268
2003,05-09 years,Male and female,0.0,0,5435020
2003,05-09 years,Male,0.0,0,2780911
2003,05-09 years,Female,0.0,0,2654109
2003,10-14 years,Male and female,0.0,0,5900465
2003,10-14 years,Male,0.0,0,3022879
2003,10-14 years,Female,0.0,0,2877586
2003,15-19 years,Male and female,0.0,0,5570472
2003,15-19 years,Male,0.0,0,2876159
2003,15-19 years,Female,0.0,0,2694313
2003,20-24 years,Male and female,0.0,0,5604106
2003,20-24 years,Male,0.0,0,2879492
2003,20-24 years,Female,0.0,0,2724614
2003,25-29 years,Male and female,0.1,4,5232688
2003,25-29 years,Male,0.1,3,2657346
2003,25-29 years,Female,0.0,1,2575342
2003,30-34 years,Male and female,0.1,6,5683975
2003,30-34 years,Male,0.1,3,2871980
2003,30-34 years,Female,0.1,3,2811995
2003,35-39 years,Male and female,0.2,12,5841252
2003,35-39 years,Male,0.2,6,2929928
2003,35-39 years,Female,0.2,6,2911324
2003,40-44 years,Male and female,0.4,23,6130215
2003,40-44 years,Male,0.4,12,3052085
2003,40-44 years,Female,0.4,11,3078130
2003,45-49 years,Male and female,0.6,34,5723662
2003,45-49 years,Male,0.6,16,2828607
2003,45-49 years,Female,0.6,18,2895055
2003,50-54 years,Male and female,0.7,34,4967509
2003,50-54 years,Male,0.7,16,2428687
2003,50-54 years,Female,0.7,18,2538822
2003,55-59 years,Male and female,1.0,42,4063899
2003,55-59 years,Male,0.9,17,1971778
2003,55-59 years,Female,1.2,25,2092121
2003,60-64 years,Male and female,0.8,25,3037531
2003,60-64 years,Male,0.4,6,1451802
2003,60-64 years,Female,1.2,19,1585729
2003,65-69 years,Male and female,1.3,31,2400502
2003,65-69 years,Male,1.3,15,1114911
2003,65-69 years,Female,1.2,16,1285591
2003,70-74 years,Male and female,1.2,25,2090247
2003,70-74 years,Male,1.5,14,933188
2003,70-74 years,Female,1.0,11,1157059
2003,75-79 years,Male and female,1.7,31,1806245
2003,75-79 years,Male,2.8,21,751418
2003,75-79 years,Female,0.9,10,1054827
2003,80-84 years,Male and female,1.8,24,1320390
2003,80-84 years,Male,2.8,14,508081
2003,80-84 years,Female,1.2,10,812309
2003,85-89 years,Male and female,1.4,10,712838
2003,85-89 years,Male,1.7,4,237622
2003,85-89 years,Female,1.3,6,475216
2003,90+ years,Male and female,1.6,6,369719
2003,90+ years,Male,1.0,1,96985
2003,90+ years,Female,1.8,5,272734
2003,Unknown,Male and female,~,0,0
2003,Unknown,Male,~,0,0
2003,Unknown,Female,~,0,0
2004,00 years,Male and female,0.0,0,1119875
2004,00 years,Male,0.0,0,571459
2004,00 years,Female,0.0,0,548416
2004,01-04 years,Male and female,0.0,0,4366827
2004,01-04 years,Male,0.0,0,2232227
2004,01-04 years,Female,0.0,0,2134600
2004,05-09 years,Male and female,0.0,0,5363003
2004,05-09 years,Male,0.0,0,2742385
2004,05-09 years,Female,0.0,0,2620618
2004,10-14 years,Male and female,0.0,0,5913986
2004,10-14 years,Male,0.0,0,3030308
2004,10-14 years,Female,0.0,0,2883678
2004,15-19 years,Male and female,0.0,2,5665465
2004,15-19 years,Male,0.0,1,2922969
2004,15-19 years,Female,0.0,1,2742496
2004,20-24 years,Male and female,0.0,0,5672770
2004,20-24 years,Male,0.0,0,2924688
2004,20-24 years,Female,0.0,0,2748082
2004,25-29 years,Male and female,0.1,4,5321924
2004,25-29 years,Male,0.1,2,2700542
2004,25-29 years,Female,0.1,2,2621382
2004,30-34 years,Male and female,0.1,6,5595077
2004,30-34 years,Male,0.1,3,2826330
2004,30-34 years,Female,0.1,3,2768747
2004,35-39 years,Male and female,0.2,10,5753437
2004,35-39 years,Male,0.2,5,2888262
2004,35-39 years,Female,0.2,5,2865175
2004,40-44 years,Male and female,0.3,19,6156729
2004,40-44 years,Male,0.3,10,3065488
2004,40-44 years,Female,0.3,9,3091241
2004,45-49 years,Male and female,0.5,27,5812541
2004,45-49 years,Male,0.4,11,2874878
2004,45-49 years,Female,0.5,16,2937663
2004,50-54 years,Male and female,0.6,32,5090405
2004,50-54 years,Male,0.5,12,2490915
2004,50-54 years,Female,0.8,20,2599490
2004,55-59 years,Male and female,0.8,35,4265573
2004,55-59 years,Male,0.8,16,2068355
2004,55-59 years,Female,0.9,19,2197218
2004,60-64 years,Male and female,1.1,34,3164725
2004,60-64 years,Male,0.5,8,1512529
2004,60-64 years,Female,1.6,26,1652196
2004,65-69 years,Male and female,1.0,25,2457852
2004,65-69 years,Male,1.0,11,1144988
2004,65-69 years,Female,1.1,14,1312864
2004,70-74 years,Male and female,1.4,29,2076500
2004,70-74 years,Male,1.3,12,929369
2004,70-74 years,Female,1.5,17,1147131
2004,75-79 years,Male and female,1.5,27,1792060
2004,75-79 years,Male,1.7,13,749797
2004,75-79 years,Female,1.3,14,1042263
2004,80-84 years,Male and female,1.3,17,1352666
2004,80-84 years,Male,1.9,10,522543
2004,80-84 years,Female,0.8,7,830123
2004,85-89 years,Male and female,1.0,7,725295
2004,85-89 years,Male,2.0,5,244241
2004,85-89 years,Female,0.4,2,481054
2004,90+ years,Male and female,1.1,4,377815
2004,90+ years,Male,1.0,1,100668
2004,90+ years,Female,1.1,3,277147
2004,Unknown,Male and female,~,0,0
2004,Unknown,Male,~,0,0
2004,Unknown,Female,~,0,0
2005,00 years,Male and female,0.0,0,1113285
2005,00 years,Male,0.0,0,569367
2005,00 years,Female,0.0,0,543918
2005,01-04 years,Male and female,0.0,0,4391479
2005,01-04 years,Male,0.0,0,2242958
2005,01-04 years,Female,0.0,0,2148521
2005,05-09 years,Male and female,0.0,0,5298152
2005,05-09 years,Male,0.0,0,2709009
2005,05-09 years,Female,0.0,0,2589143
2005,10-14 years,Male and female,0.0,0,5852729
2005,10-14 years,Male,0.0,0,2998070
2005,10-14 years,Female,0.0,0,2854659
2005,15-19 years,Male and female,0.0,1,5771809
2005,15-19 years,Male,0.0,0,2976351
2005,15-19 years,Female,0.0,1,2795458
2005,20-24 years,Male and female,0.0,0,5669013
2005,20-24 years,Male,0.0,0,2932532
2005,20-24 years,Female,0.0,0,2736481
2005,25-29 years,Male and female,0.0,2,5422007
2005,25-29 years,Male,0.1,2,2744471
2005,25-29 years,Female,0.0,0,2677536
2005,30-34 years,Male and female,0.1,7,5445790
2005,30-34 years,Male,0.2,5,2747657
2005,30-34 years,Female,0.1,2,2698133
2005,35-39 years,Male and female,0.2,14,5729724
2005,35-39 years,Male,0.3,9,2874935
2005,35-39 years,Female,0.2,5,2854789
2005,40-44 years,Male and female,0.4,25,6091469
2005,40-44 years,Male,0.2,7,3032769
2005,40-44 years,Female,0.6,18,3058700
2005,45-49 years,Male and female,0.7,41,5898609
2005,45-49 years,Male,0.7,20,2919742
2005,45-49 years,Female,0.7,21,2978867
2005,50-54 years,Male and female,0.7,39,5208227
2005,50-54 years,Male,0.7,19,2551523
2005,50-54 years,Female,0.8,20,2656704
2005,55-59 years,Male and female,1.0,47,4486865
2005,55-59 years,Male,0.9,19,2176591
2005,55-59 years,Female,1.2,28,2310274
2005,60-64 years,Male and female,1.0,34,3273406
2005,60-64 years,Male,1.1,17,1565876
2005,60-64 years,Female,1.0,17,1707530
2005,65-69 years,Male and female,1.3,32,2510768
2005,65-69 years,Male,1.2,14,1172028
2005,65-69 years,Female,1.3,18,1338740
2005,70-74 years,Male and female,1.3,28,2076193
2005,70-74 years,Male,1.6,15,932171
2005,70-74 years,Female,1.1,13,1144022
2005,75-79 years,Male and female,1.4,25,1789269
2005,75-79 years,Male,2.4,18,754955
2005,75-79 years,Female,0.7,7,1034314
2005,80-84 years,Male and female,1.6,22,1371165
2005,80-84 years,Male,1.5,8,531586
2005,80-84 years,Female,1.7,14,839579
2005,85-89 years,Male and female,1.6,12,753128
2005,85-89 years,Male,1.9,5,256751
2005,85-89 years,Female,1.4,7,496377
2005,90+ years,Male and female,0.5,2,392108
2005,90+ years,Male,1.9,2,106255
2005,90+ years,Female,0.0,0,285853
2005,Unknown,Male and female,~,0,0
2005,Unknown,Male,~,0,0
2005,Unknown,Female,~,0,0
2006,00 years,Male and female,0.0,0,1110847
2006,00 years,Male,0.0,0,568184
2006,00 years,Female,0.0,0,542663
2006,01-04 years,Male and female,0.0,0,4376434
2006,01-04 years,Male,0.0,0,2235277
2006,01-04 years,Female,0.0,0,2141157
2006,05-09 years,Male and female,0.0,0,5301784
2006,05-09 years,Male,0.0,0,2710384
2006,05-09 years,Female,0.0,0,2591400
2006,10-14 years,Male and female,0.0,0,5787041
2006,10-14 years,Male,0.0,0,2963152
2006,10-14 years,Female,0.0,0,2823889
2006,15-19 years,Male and female,0.0,1,5868051
2006,15-19 years,Male,0.0,0,3022896
2006,15-19 years,Female,0.0,1,2845155
2006,20-24 years,Male and female,0.0,0,5661770
2006,20-24 years,Male,0.0,0,2935099
2006,20-24 years,Female,0.0,0,2726671
2006,25-29 years,Male and female,0.1,3,5567388
2006,25-29 years,Male,0.1,2,2815747
2006,25-29 years,Female,0.0,1,2751641
2006,30-34 years,Male and female,0.1,6,5321888
2006,30-34 years,Male,0.1,3,2685589
2006,30-34 years,Female,0.1,3,2636299
2006,35-39 years,Male and female,0.3,16,5752333
2006,35-39 years,Male,0.4,11,2882689
2006,35-39 years,Female,0.2,5,2869644
2006,40-44 years,Male and female,0.3,15,5992522
2006,40-44 years,Male,0.2,6,2987132
2006,40-44 years,Female,0.3,9,3005390
2006,45-49 years,Male and female,0.6,33,5968323
2006,45-49 years,Male,0.5,14,2956375
2006,45-49 years,Female,0.6,19,3011948
2006,50-54 years,Male and female,1.0,53,5336376
2006,50-54 years,Male,0.8,22,2616610
2006,50-54 years,Female,1.1,31,2719766
2006,55-59 years,Male and female,1.0,48,4694802
2006,55-59 years,Male,0.7,17,2276502
2006,55-59 years,Female,1.3,31,2418300
2006,60-64 years,Male and female,1.4,47,3384246
2006,60-64 years,Male,1.6,26,1618918
2006,60-64 years,Female,1.2,21,1765328
2006,65-69 years,Male and female,1.3,34,2575230
2006,65-69 years,Male,1.2,14,1203723
2006,65-69 years,Female,1.5,20,1371507
2006,70-74 years,Male and female,1.6,33,2084803
2006,70-74 years,Male,1.5,14,938020
2006,70-74 years,Female,1.7,19,1146783
2006,75-79 years,Male and female,1.3,24,1783499
2006,75-79 years,Male,1.6,12,758674
2006,75-79 years,Female,1.2,12,1024825
2006,80-84 years,Male and female,1.7,23,1374648
2006,80-84 years,Male,2.4,13,534419
2006,80-84 years,Female,1.2,10,840229
2006,85-89 years,Male and female,0.8,6,781985
2006,85-89 years,Male,1.9,5,269807
2006,85-89 years,Female,0.2,1,512178
2006,90+ years,Male and female,0.7,3,407513
2006,90+ years,Male,0.0,0,112178
2006,90+ years,Female,1.0,3,295335
2006,Unknown,Male and female,~,0,0
2006,Unknown,Male,~,0,0
2006,Unknown,Female,~,0,0
2007,00 years,Male and female,0.0,0,1147615
2007,00 years,Male,0.0,0,587420
2007,00 years,Female,0.0,0,560195
2007,01-04 years,Male and female,0.0,0,4392736
2007,01-04 years,Male,0.0,0,2245051
2007,01-04 years,Female,0.0,0,2147685
2007,05-09 years,Male and female,0.0,0,5330653
2007,05-09 years,Male,0.0,0,2724530
2007,05-09 years,Female,0.0,0,2606123
2007,10-14 years,Male and female,0.0,0,5724173
2007,10-14 years,Male,0.0,0,2931370
2007,10-14 years,Female,0.0,0,2792803
2007,15-19 years,Male and female,0.0,0,5957514
2007,15-19 years,Male,0.0,0,3066564
2007,15-19 years,Female,0.0,0,2890950
2007,20-24 years,Male and female,0.0,0,5675499
2007,20-24 years,Male,0.0,0,2941201
2007,20-24 years,Female,0.0,0,2734298
2007,25-29 years,Male and female,0.0,2,5675465
2007,25-29 years,Male,0.0,1,2870377
2007,25-29 years,Female,0.0,1,2805088
2007,30-34 years,Male and female,0.2,8,5290819
2007,30-34 years,Male,0.2,5,2667203
2007,30-34 years,Female,0.1,3,2623616
2007,35-39 years,Male and female,0.1,6,5744514
2007,35-39 years,Male,0.1,4,2877108
2007,35-39 years,Female,0.1,2,2867406
2007,40-44 years,Male and female,0.5,27,5877939
2007,40-44 years,Male,0.4,12,2928936
2007,40-44 years,Female,0.5,15,2949003
2007,45-49 years,Male and female,0.5,29,6000727
2007,45-49 years,Male,0.4,11,2973716
2007,45-49 years,Female,0.6,18,3027011
2007,50-54 years,Male and female,1.2,64,5490229
2007,50-54 years,Male,1.1,29,2693555
2007,50-54 years,Female,1.3,35,2796674
2007,55-59 years,Male and female,0.8,36,4707690
2007,55-59 years,Male,0.9,20,2280929
2007,55-59 years,Female,0.7,16,2426761
2007,60-64 years,Male and female,1.3,49,3681050
2007,60-64 years,Male,1.8,32,1763324
2007,60-64 years,Female,0.9,17,1917726
2007,65-69 years,Male and female,1.7,45,2677413
2007,65-69 years,Male,1.9,24,1253254
2007,65-69 years,Female,1.5,21,1424159
2007,70-74 years,Male and female,1.4,30,2106976
2007,70-74 years,Male,1.6,15,950576
2007,70-74 years,Female,1.3,15,1156400
2007,75-79 years,Male and female,1.7,31,1776135
2007,75-79 years,Male,1.6,12,760411
2007,75-79 years,Female,1.9,19,1015724
2007,80-84 years,Male and female,1.4,20,1380502
2007,80-84 years,Male,1.9,10,538940
2007,80-84 years,Female,1.2,10,841562
2007,85-89 years,Male and female,1.6,13,813268
2007,85-89 years,Male,2.8,8,284036
2007,85-89 years,Female,0.9,5,529232
2007,90+ years,Male and female,0.7,3,423202
2007,90+ years,Male,0.8,1,118192
2007,90+ years,Female,0.7,2,305010
2007,Unknown,Male and female,~,0,0
2007,Unknown,Male,~,0,0
2007,Unknown,Female,~,0,0
2008,00 years,Male and female,0.0,0,1147582
2008,00 years,Male,0.0,0,586398
2008,00 years,Female,0.0,0,561184
2008,01-04 years,Male and female,0.0,0,4440872
2008,01-04 years,Male,0.0,0,2270332
2008,01-04 years,Female,0.0,0,2170540
2008,05-09 years,Male and female,0.0,0,5395856
2008,05-09 years,Male,0.0,0,2757958
2008,05-09 years,Female,0.0,0,2637898
2008,10-14 years,Male and female,0.0,0,5676680
2008,10-14 years,Male,0.0,0,2905669
2008,10-14 years,Female,0.0,0,2771011
2008,15-19 years,Male and female,0.0,0,6013570
2008,15-19 years,Male,0.0,0,3094066
2008,15-19 years,Female,0.0,0,2919504
2008,20-24 years,Male and female,0.0,1,5711067
2008,20-24 years,Male,0.0,1,2953793
2008,20-24 years,Female,0.0,0,2757274
2008,25-29 years,Male and female,0.1,4,5774934
2008,25-29 years,Male,0.1,4,2926117
2008,25-29 years,Female,0.0,0,2848817
2008,30-34 years,Male and female,0.2,8,5332363
2008,30-34 years,Male,0.2,5,2688137
2008,30-34 years,Female,0.1,3,2644226
2008,35-39 years,Male and female,0.3,15,5700810
2008,35-39 years,Male,0.2,7,2850981
2008,35-39 years,Female,0.3,8,2849829
2008,40-44 years,Male and female,0.3,18,5780064
2008,40-44 years,Male,0.3,8,2883042
2008,40-44 years,Female,0.3,10,2897022
2008,45-49 years,Male and female,0.7,43,6021775
2008,45-49 years,Male,0.7,20,2982078
2008,45-49 years,Female,0.8,23,3039697
2008,50-54 years,Male and female,1.0,54,5626248
2008,50-54 years,Male,1.0,28,2764076
2008,50-54 years,Female,0.9,26,2862172
2008,55-59 years,Male and female,1.0,50,4811649
2008,55-59 years,Male,1.1,26,2330047
2008,55-59 years,Female,1.0,24,2481602
2008,60-64 years,Male and female,1.5,58,3858100
2008,60-64 years,Male,1.6,29,1850008
2008,60-64 years,Female,1.4,29,2008092
2008,65-69 years,Male and female,1.6,46,2834421
2008,65-69 years,Male,1.5,20,1328631
2008,65-69 years,Female,1.7,26,1505790
2008,70-74 years,Male and female,1.8,38,2154834
2008,70-74 years,Male,1.8,18,975719
2008,70-74 years,Female,1.7,20,1179115
2008,75-79 years,Male and female,2.0,35,1768353
2008,75-79 years,Male,2.1,16,761503
2008,75-79 years,Female,1.9,19,1006850
2008,80-84 years,Male and female,1.8,25,1385886
2008,80-84 years,Male,2.0,11,544183
2008,80-84 years,Female,1.7,14,841703
2008,85-89 years,Male and female,1.4,12,842682
2008,85-89 years,Male,1.7,5,297329
2008,85-89 years,Female,1.3,7,545353
2008,90+ years,Male and female,1.4,6,438577
2008,90+ years,Male,2.4,3,124164
2008,90+ years,Female,1.0,3,314413
2008,Unknown,Male and female,~,0,0
2008,Unknown,Male,~,0,0
2008,Unknown,Female,~,0,0
2009,00 years,Male and female,0.0,0,1100756
2009,00 years,Male,0.0,0,562217
2009,00 years,Female,0.0,0,538539
2009,01-04 years,Male and female,0.0,0,4472983
2009,01-04 years,Male,0.0,0,2287631
2009,01-04 years,Female,0.0,0,2185352
2009,05-09 years,Male and female,0.0,0,5481603
2009,05-09 years,Male,0.0,0,2800078
2009,05-09 years,Female,0.0,0,2681525
2009,10-14 years,Male and female,0.0,0,5650269
2009,10-14 years,Male,0.0,0,2890685
2009,10-14 years,Female,0.0,0,2759584
2009,15-19 years,Male and female,0.0,0,6022532
2009,15-19 years,Male,0.0,0,3097749
2009,15-19 years,Female,0.0,0,2924783
2009,20-24 years,Male and female,0.0,0,5783527
2009,20-24 years,Male,0.0,0,2987376
2009,20-24 years,Female,0.0,0,2796151
2009,25-29 years,Male and female,0.1,5,5824249
2009,25-29 years,Male,0.0,1,2960259
2009,25-29 years,Female,0.1,4,2863990
2009,30-34 years,Male and female,0.2,12,5428384
2009,30-34 years,Male,0.3,7,2735073
2009,30-34 years,Female,0.2,5,2693311
2009,35-39 years,Male and female,0.2,14,5623287
2009,35-39 years,Male,0.3,8,2809852
2009,35-39 years,Female,0.2,6,2813435
2009,40-44 years,Male and female,0.3,19,5695156
2009,40-44 years,Male,0.4,10,2842176
2009,40-44 years,Female,0.3,9,2852980
2009,45-49 years,Male and female,0.7,45,6051199
2009,45-49 years,Male,0.5,16,2997146
2009,45-49 years,Female,0.9,29,3054053
2009,50-54 years,Male and female,0.8,44,5723838
2009,50-54 years,Male,0.7,20,2813328
2009,50-54 years,Female,0.8,24,2910510
2009,55-59 years,Male and female,1.1,56,4943559
2009,55-59 years,Male,1.0,25,2394328
2009,55-59 years,Female,1.2,31,2549231
2009,60-64 years,Male and female,1.4,58,4065831
2009,60-64 years,Male,1.5,29,1949513
2009,60-64 years,Female,1.4,29,2116318
2009,65-69 years,Male and female,1.4,42,2965591
2009,65-69 years,Male,1.2,16,1390572
2009,65-69 years,Female,1.7,26,1575019
2009,70-74 years,Male and female,1.5,34,2213246
2009,70-74 years,Male,1.6,16,1005934
2009,70-74 years,Female,1.5,18,1207312
2009,75-79 years,Male and female,2.4,43,1765814
2009,75-79 years,Male,2.6,20,763292
2009,75-79 years,Female,2.3,23,1002522
2009,80-84 years,Male and female,1.8,25,1385307
2009,80-84 years,Male,2.2,12,548187
2009,80-84 years,Female,1.6,13,837120
2009,85-89 years,Male and female,1.6,14,873508
2009,85-89 years,Male,2.3,7,310412
2009,85-89 years,Female,1.2,7,563096
2009,90+ years,Male and female,1.1,5,454213
2009,90+ years,Male,0.8,1,129888
2009,90+ years,Female,1.2,4,324325
2009,Unknown,Male and female,~,0,0
2009,Unknown,Male,~,0,0
2009,Unknown,Female,~,0,0
2010,00 years,Male and female,0.0,0,1087127
2010,00 years,Male,0.0,0,555010
2010,00 years,Female,0.0,0,532117
2010,01-04 years,Male and female,0.0,0,4468079
2010,01-04 years,Male,0.0,0,2284427
2010,01-04 years,Female,0.0,0,2183652
2010,05-09 years,Male and female,0.0,0,5544620
2010,05-09 years,Male,0.0,0,2831120
2010,05-09 years,Female,0.0,0,2713500
2010,10-14 years,Male and female,0.0,0,5651593
2010,10-14 years,Male,0.0,0,2891889
2010,10-14 years,Female,0.0,0,2759704
2010,15-19 years,Male and female,0.0,1,5977857
2010,15-19 years,Male,0.0,1,3072032
2010,15-19 years,Female,0.0,0,2905825
2010,20-24 years,Male and female,0.1,3,5877517
2010,20-24 years,Male,0.1,2,3027854
2010,20-24 years,Female,0.0,1,2849663
2010,25-29 years,Male and female,0.0,2,5824978
2010,25-29 years,Male,0.1,2,2963287
2010,25-29 years,Female,0.0,0,2861691
2010,30-34 years,Male and female,0.2,9,5548344
2010,30-34 years,Male,0.1,2,2792297
2010,30-34 years,Female,0.3,7,2756047
2010,35-39 years,Male and female,0.2,10,5514271
2010,35-39 years,Male,0.2,5,2752001
2010,35-39 years,Female,0.2,5,2762270
2010,40-44 years,Male and female,0.4,25,5697788
2010,40-44 years,Male,0.4,12,2844244
2010,40-44 years,Female,0.5,13,2853544
2010,45-49 years,Male and female,0.7,42,6010229
2010,45-49 years,Male,0.7,20,2978107
2010,45-49 years,Female,0.7,22,3032122
2010,50-54 years,Male and female,0.9,52,5831930
2010,50-54 years,Male,0.7,21,2869096
2010,50-54 years,Female,1.0,31,2962834
2010,55-59 years,Male and female,1.4,71,5087375
2010,55-59 years,Male,1.6,40,2466381
2010,55-59 years,Female,1.2,31,2620994
2010,60-64 years,Male and female,1.3,56,4292335
2010,60-64 years,Male,1.1,22,2059767
2010,60-64 years,Female,1.5,34,2232568
2010,65-69 years,Male and female,1.5,45,3084897
2010,65-69 years,Male,1.7,24,1449227
2010,65-69 years,Female,1.3,21,1635670
2010,70-74 years,Male and female,1.9,44,2267577
2010,70-74 years,Male,2.0,21,1033532
2010,70-74 years,Female,1.9,23,1234045
2010,75-79 years,Male and female,1.6,29,1771363
2010,75-79 years,Male,2.1,16,769029
2010,75-79 years,Female,1.3,13,1002334
2010,80-84 years,Male and female,1.8,25,1391894
2010,80-84 years,Male,2.0,11,557320
2010,80-84 years,Female,1.7,14,834574
2010,85-89 years,Male and female,1.1,10,896290
2010,85-89 years,Male,1.6,5,320206
2010,85-89 years,Female,0.9,5,576084
2010,90+ years,Male and female,0.6,3,474301
2010,90+ years,Male,0.7,1,137051
2010,90+ years,Female,0.6,2,337250
2010,Unknown,Male and female,~,0,0
2010,Unknown,Male,~,0,0
2010,Unknown,Female,~,0,0
2011,00 years,Male and female,0.0,0,1098717
2011,00 years,Male,0.0,0,562744
2011,00 years,Female,0.0,0,535973
2011,01-04 years,Male and female,0.0,0,4449629
2011,01-04 years,Male,0.0,0,2272793
2011,01-04 years,Female,0.0,0,2176836
2011,05-09 years,Male and female,0.0,0,5559675
2011,05-09 years,Male,0.0,0,2839280
2011,05-09 years,Female,0.0,0,2720395
2011,10-14 years,Male and female,0.0,0,5671438
2011,10-14 years,Male,0.0,0,2900926
2011,10-14 years,Female,0.0,0,2770512
2011,15-19 years,Male and female,0.0,0,5893207
2011,15-19 years,Male,0.0,0,3029331
2011,15-19 years,Female,0.0,0,2863876
2011,20-24 years,Male and female,0.1,5,6021376
2011,20-24 years,Male,0.1,4,3096727
2011,20-24 years,Female,0.0,1,2924649
2011,25-29 years,Male and female,0.1,3,5846490
2011,25-29 years,Male,0.0,1,2978158
2011,25-29 years,Female,0.1,2,2868332
2011,30-34 years,Male and female,0.1,8,5665817
2011,30-34 years,Male,0.1,3,2850966
2011,30-34 years,Female,0.2,5,2814851
2011,35-39 years,Male and female,0.2,13,5414794
2011,35-39 years,Male,0.2,5,2705181
2011,35-39 years,Female,0.3,8,2709613
2011,40-44 years,Male and female,0.3,20,5745035
2011,40-44 years,Male,0.3,9,2866345
2011,40-44 years,Female,0.4,11,2878690
2011,45-49 years,Male and female,0.8,48,5918831
2011,45-49 years,Male,0.5,14,2938519
2011,45-49 years,Female,1.1,34,2980312
2011,50-54 years,Male and female,1.0,60,5905643
2011,50-54 years,Male,0.8,23,2910399
2011,50-54 years,Female,1.2,37,2995244
2011,55-59 years,Male and female,1.1,60,5230748
2011,55-59 years,Male,1.1,29,2540850
2011,55-59 years,Female,1.2,31,2689898
2011,60-64 years,Male and female,1.3,58,4499811
2011,60-64 years,Male,1.1,24,2159459
2011,60-64 years,Female,1.5,34,2340352
2011,65-69 years,Male and female,1.7,53,3196670
2011,65-69 years,Male,1.6,24,1505658
2011,65-69 years,Female,1.7,29,1691012
2011,70-74 years,Male and female,1.7,40,2335808
2011,70-74 years,Male,1.8,19,1067164
2011,70-74 years,Female,1.7,21,1268644
2011,75-79 years,Male and female,2.2,39,1784342
2011,75-79 years,Male,3.1,24,778257
2011,75-79 years,Female,1.5,15,1006085
2011,80-84 years,Male and female,1.8,25,1392047
2011,80-84 years,Male,2.5,14,563172
2011,80-84 years,Female,1.3,11,828875
2011,85-89 years,Male and female,2.0,18,897226
2011,85-89 years,Male,3.1,10,322159
2011,85-89 years,Female,1.4,8,575067
2011,90+ years,Male and female,1.0,5,500687
2011,90+ years,Male,1.4,2,147648
2011,90+ years,Female,0.8,3,353039
2011,Unknown,Male and female,~,0,0
2011,Unknown,Male,~,0,0
2011,Unknown,Female,~,0,0
2012,00 years,Male and female,0.0,0,1081003
2012,00 years,Male,0.0,0,552249
2012,00 years,Female,0.0,0,528754
2012,01-04 years,Male and female,0.0,0,4421491
2012,01-04 years,Male,0.0,0,2258970
2012,01-04 years,Female,0.0,0,2162521
2012,05-09 years,Male and female,0.0,0,5607791
2012,05-09 years,Male,0.0,0,2864803
2012,05-09 years,Female,0.0,0,2742988
2012,10-14 years,Male and female,0.0,0,5670154
2012,10-14 years,Male,0.0,0,2899657
2012,10-14 years,Female,0.0,0,2770497
2012,15-19 years,Male and female,0.0,0,5826683
2012,15-19 years,Male,0.0,0,2991670
2012,15-19 years,Female,0.0,0,2835013
2012,20-24 years,Male and female,0.1,4,6140507
2012,20-24 years,Male,0.1,4,3159802
2012,20-24 years,Female,0.0,0,2980705
2012,25-29 years,Male and female,0.2,11,5851748
2012,25-29 years,Male,0.3,9,2986715
2012,25-29 years,Female,0.1,2,2865033
2012,30-34 years,Male and female,0.2,9,5771270
2012,30-34 years,Male,0.1,3,2906646
2012,30-34 years,Female,0.2,6,2864624
2012,35-39 years,Male and female,0.3,14,5404746
2012,35-39 years,Male,0.1,2,2703082
2012,35-39 years,Female,0.4,12,2701664
2012,40-44 years,Male and female,0.5,30,5749187
2012,40-44 years,Male,0.6,17,2869325
2012,40-44 years,Female,0.5,13,2879862
2012,45-49 years,Male and female,0.7,41,5821833
2012,45-49 years,Male,0.8,22,2895306
2012,45-49 years,Female,0.6,19,2926527
2012,50-54 years,Male and female,1.0,61,5931301
2012,50-54 years,Male,1.0,29,2927278
2012,50-54 years,Female,1.1,32,3004023
2012,55-59 years,Male and female,1.1,58,5380993
2012,55-59 years,Male,1.3,34,2619858
2012,55-59 years,Female,0.9,24,2761135
2012,60-64 years,Male and female,1.5,68,4516115
2012,60-64 years,Male,1.8,40,2167904
2012,60-64 years,Female,1.2,28,2348211
2012,65-69 years,Male and female,1.5,52,3478899
2012,65-69 years,Male,1.9,32,1643856
2012,65-69 years,Female,1.1,20,1835043
2012,70-74 years,Male and female,2.3,57,2434085
2012,70-74 years,Male,3.1,35,1115078
2012,70-74 years,Female,1.7,22,1319007
2012,75-79 years,Male and female,2.3,41,1805989
2012,75-79 years,Male,2.8,22,791532
2012,75-79 years,Female,1.9,19,1014457
2012,80-84 years,Male and female,1.8,25,1389505
2012,80-84 years,Male,2.1,12,567162
2012,80-84 years,Female,1.6,13,822343
2012,85-89 years,Male and female,1.2,11,900188
2012,85-89 years,Male,1.5,5,325846
2012,85-89 years,Female,1.0,6,574342
2012,90+ years,Male and female,1.0,5,525053
2012,90+ years,Male,0.6,1,157152
2012,90+ years,Female,1.1,4,367901
2012,Unknown,Male and female,~,0,0
2012,Unknown,Male,~,0,0
2012,Unknown,Female,~,0,0
2013,00 years,Male and female,0.0,0,1081810
2013,00 years,Male,0.0,0,553213
2013,00 years,Female,0.0,0,528597
2013,01-04 years,Male and female,0.0,0,4380649
2013,01-04 years,Male,0.0,0,2237669
2013,01-04 years,Female,0.0,0,2142980
2013,05-09 years,Male and female,0.0,0,5642946
2013,05-09 years,Male,0.0,0,2883822
2013,05-09 years,Female,0.0,0,2759124
2013,10-14 years,Male and female,0.0,1,5685516
2013,10-14 years,Male,0.0,1,2906094
2013,10-14 years,Female,0.0,0,2779422
2013,15-19 years,Male and female,0.0,0,5779395
2013,15-19 years,Male,0.0,0,2962596
2013,15-19 years,Female,0.0,0,2816799
2013,20-24 years,Male and female,0.0,0,6191514
2013,20-24 years,Male,0.0,0,3188443
2013,20-24 years,Female,0.0,0,3003071
2013,25-29 years,Male and female,0.1,4,5887684
2013,25-29 years,Male,0.1,4,3007543
2013,25-29 years,Female,0.0,0,2880141
2013,30-34 years,Male and female,0.2,13,5869882
2013,30-34 years,Male,0.2,5,2959049
2013,30-34 years,Female,0.3,8,2910833
2013,35-39 years,Male and female,0.3,18,5445940
2013,35-39 years,Male,0.2,6,2729252
2013,35-39 years,Female,0.4,12,2716688
2013,40-44 years,Male and female,0.5,26,5708744
2013,40-44 years,Male,0.4,10,2846833
2013,40-44 years,Female,0.6,16,2861911
2013,45-49 years,Male and female,0.8,43,5727084
2013,45-49 years,Male,0.7,21,2853610
2013,45-49 years,Female,0.8,22,2873474
2013,50-54 years,Male and female,0.8,50,5952632
2013,50-54 years,Male,0.9,27,2941922
2013,50-54 years,Female,0.8,23,3010710
2013,55-59 years,Male and female,1.2,65,5501857
2013,55-59 years,Male,1.2,33,2685035
2013,55-59 years,Female,1.1,32,2816822
2013,60-64 years,Male and female,1.4,64,4606197
2013,60-64 years,Male,1.2,27,2212074
2013,60-64 years,Female,1.5,37,2394123
2013,65-69 years,Male and female,1.7,62,3646992
2013,65-69 years,Male,1.6,28,1726312
2013,65-69 years,Female,1.8,34,1920680
2013,70-74 years,Male and female,2.5,64,2575381
2013,70-74 years,Male,2.2,26,1182818
2013,70-74 years,Female,2.7,38,1392563
2013,75-79 years,Male and female,2.5,47,1847149
2013,75-79 years,Male,2.6,21,813300
2013,75-79 years,Female,2.5,26,1033849
2013,80-84 years,Male and female,2.0,28,1383090
2013,80-84 years,Male,2.1,12,568556
2013,80-84 years,Female,2.0,16,814534
2013,85-89 years,Male and female,1.1,10,899184
2013,85-89 years,Male,0.9,3,328327
2013,85-89 years,Female,1.2,7,570857
2013,90+ years,Male and female,1.1,6,543718
2013,90+ years,Male,0.6,1,164670
2013,90+ years,Female,1.3,5,379048
2013,Unknown,Male and female,~,0,0
2013,Unknown,Male,~,0,0
2013,Unknown,Female,~,0,0
2014,00 years,Male and female,0.0,0,1082969
2014,00 years,Male,0.0,0,554950
2014,00 years,Female,0.0,0,528019
2014,01-04 years,Male and female,0.0,0,4377926
2014,01-04 years,Male,0.0,0,2237239
2014,01-04 years,Female,0.0,0,2140687
2014,05-09 years,Male and female,0.0,0,5630946
2014,05-09 years,Male,0.0,0,2878528
2014,05-09 years,Female,0.0,0,2752418
2014,10-14 years,Male and female,0.0,0,5711721
2014,10-14 years,Male,0.0,0,2918021
2014,10-14 years,Female,0.0,0,2793700
2014,15-19 years,Male and female,0.0,0,5745223
2014,15-19 years,Male,0.0,0,2942705
2014,15-19 years,Female,0.0,0,2802518
2014,20-24 years,Male and female,0.0,3,6202818
2014,20-24 years,Male,0.0,1,3197854
2014,20-24 years,Female,0.1,2,3004964
2014,25-29 years,Male and female,0.1,6,5984723
2014,25-29 years,Male,0.2,5,3058715
2014,25-29 years,Female,0.0,1,2926008
2014,30-34 years,Male and female,0.3,17,5939492
2014,30-34 years,Male,0.3,9,2997514
2014,30-34 years,Female,0.3,8,2941978
2014,35-39 years,Male and female,0.3,14,5522885
2014,35-39 years,Male,0.3,9,2772966
2014,35-39 years,Female,0.2,5,2749919
2014,40-44 years,Male and female,0.4,20,5632118
2014,40-44 years,Male,0.4,10,2809118
2014,40-44 years,Female,0.4,10,2823000
2014,45-49 years,Male and female,0.7,37,5656728
2014,45-49 years,Male,0.5,15,2822958
2014,45-49 years,Female,0.8,22,2833770
2014,50-54 years,Male and female,0.9,52,5966922
2014,50-54 years,Male,0.7,21,2951991
2014,50-54 years,Female,1.0,31,3014931
2014,55-59 years,Male and female,1.4,77,5589732
2014,55-59 years,Male,1.2,33,2734896
2014,55-59 years,Female,1.5,44,2854836
2014,60-64 years,Male and female,1.4,65,4726091
2014,60-64 years,Male,1.3,30,2272066
2014,60-64 years,Female,1.4,35,2454025
2014,65-69 years,Male and female,1.9,71,3829687
2014,65-69 years,Male,1.6,29,1815166
2014,65-69 years,Female,2.1,42,2014521
2014,70-74 years,Male and female,1.6,44,2691532
2014,70-74 years,Male,1.6,20,1238027
2014,70-74 years,Female,1.7,24,1453505
2014,75-79 years,Male and female,2.1,39,1898544
2014,75-79 years,Male,2.5,21,839588
2014,75-79 years,Female,1.7,18,1058956
2014,80-84 years,Male and female,1.8,25,1379065
2014,80-84 years,Male,2.3,13,570161
2014,80-84 years,Female,1.5,12,808904
2014,85-89 years,Male and female,1.6,14,897432
2014,85-89 years,Male,3.0,10,331136
2014,85-89 years,Female,0.7,4,566296
2014,90+ years,Male and female,0.7,4,566177
2014,90+ years,Male,1.2,2,173019
2014,90+ years,Female,0.5,2,393158
2014,Unknown,Male and female,~,0,0
2014,Unknown,Male,~,0,0
2014,Unknown,Female,~,0,0
2015,00 years,Male and female,0.0,0,1086973
2015,00 years,Male,0.0,0,556653
2015,00 years,Female,0.0,0,530320
2015,01-04 years,Male and female,0.0,0,4376122
2015,01-04 years,Male,0.0,0,2238522
2015,01-04 years,Female,0.0,0,2137600
2015,05-09 years,Male and female,0.0,0,5614576
2015,05-09 years,Male,0.0,0,2869823
2015,05-09 years,Female,0.0,0,2744753
2015,10-14 years,Male and female,0.0,0,5722060
2015,10-14 years,Male,0.0,0,2922613
2015,10-14 years,Female,0.0,0,2799447
2015,15-19 years,Male and female,0.0,0,5754505
2015,15-19 years,Male,0.0,0,2946182
2015,15-19 years,Female,0.0,0,2808323
2015,20-24 years,Male and female,0.0,3,6135235
2015,20-24 years,Male,0.0,0,3165401
2015,20-24 years,Female,0.1,3,2969834
2015,25-29 years,Male and female,0.1,5,6107970
2015,25-29 years,Male,0.1,2,3121119
2015,25-29 years,Female,0.1,3,2986851
2015,30-34 years,Male and female,0.2,10,5977425
2015,30-34 years,Male,0.0,1,3020347
2015,30-34 years,Female,0.3,9,2957078
2015,35-39 years,Male and female,0.3,18,5645606
2015,35-39 years,Male,0.3,9,2840463
2015,35-39 years,Female,0.3,9,2805143
2015,40-44 years,Male and female,0.5,30,5536323
2015,40-44 years,Male,0.5,14,2762317
2015,40-44 years,Female,0.6,16,2774006
2015,45-49 years,Male and female,0.6,36,5665030
2015,45-49 years,Male,0.5,13,2831505
2015,45-49 years,Female,0.8,23,2833525
2015,50-54 years,Male and female,1.0,57,5919758
2015,50-54 years,Male,0.7,21,2932802
2015,50-54 years,Female,1.2,36,2986956
2015,55-59 years,Male and female,1.4,78,5680558
2015,55-59 years,Male,1.3,35,2786600
2015,55-59 years,Female,1.5,43,2893958
2015,60-64 years,Male and female,1.8,88,4860613
2015,60-64 years,Male,1.8,41,2340848
2015,60-64 years,Female,1.9,47,2519765
2015,65-69 years,Male and female,1.7,70,4018771
2015,65-69 years,Male,2.2,41,1906340
2015,65-69 years,Female,1.4,29,2112431
2015,70-74 years,Male and female,2.1,59,2800302
2015,70-74 years,Male,2.6,34,1290944
2015,70-74 years,Female,1.7,25,1509358
2015,75-79 years,Male and female,1.3,26,1945359
2015,75-79 years,Male,1.0,9,863793
2015,75-79 years,Female,1.6,17,1081566
2015,80-84 years,Male and female,1.7,23,1382577
2015,80-84 years,Male,2.1,12,574093
2015,80-84 years,Female,1.4,11,808484
2015,85-89 years,Male and female,1.8,16,901577
2015,85-89 years,Male,3.3,11,337173
2015,85-89 years,Female,0.9,5,564404
2015,90+ years,Male and female,1.4,8,583560
2015,90+ years,Male,1.7,3,179587
2015,90+ years,Female,1.2,5,403973
2015,Unknown,Male and female,~,0,0
2015,Unknown,Male,~,0,0
2015,Unknown,Female,~,0,0
2016,00 years,Male and female,0.0,0,1075409
2016,00 years,Male,0.0,0,550007
2016,00 years,Female,0.0,0,525402
2016,01-04 years,Male and female,0.0,0,4368623
2016,01-04 years,Male,0.0,0,2235014
2016,01-04 years,Female,0.0,0,2133609
2016,05-09 years,Male and female,0.0,0,5604792
2016,05-09 years,Male,0.0,0,2865348
2016,05-09 years,Female,0.0,0,2739444
2016,10-14 years,Male and female,0.0,0,5757220
2016,10-14 years,Male,0.0,0,2942226
2016,10-14 years,Female,0.0,0,2814994
2016,15-19 years,Male and female,0.0,0,5764965
2016,15-19 years,Male,0.0,0,2950429
2016,15-19 years,Female,0.0,0,2814536
2016,20-24 years,Male and female,0.0,2,6026427
2016,20-24 years,Male,0.0,0,3108403
2016,20-24 years,Female,0.1,2,2918024
2016,25-29 years,Male and female,0.1,8,6255461
2016,25-29 years,Male,0.2,5,3195217
2016,25-29 years,Female,0.1,3,3060244
2016,30-34 years,Male and female,0.2,13,6030784
2016,30-34 years,Male,0.2,6,3055853
2016,30-34 years,Female,0.2,7,2974931
2016,35-39 years,Male and female,0.4,23,5778615
2016,35-39 years,Male,0.4,12,2910852
2016,35-39 years,Female,0.4,11,2867763
2016,40-44 years,Male and female,0.4,22,5441358
2016,40-44 years,Male,0.4,12,2717964
2016,40-44 years,Female,0.4,10,2723394
2016,45-49 years,Male and female,0.8,43,5708735
2016,45-49 years,Male,0.7,20,2853800
2016,45-49 years,Female,0.8,23,2854935
2016,50-54 years,Male and female,1.1,63,5826192
2016,50-54 years,Male,0.9,25,2893562
2016,50-54 years,Female,1.3,38,2932630
2016,55-59 years,Male and female,1.0,56,5746893
2016,55-59 years,Male,0.9,26,2825047
2016,55-59 years,Female,1.0,30,2921846
2016,60-64 years,Male and female,1.7,84,4985426
2016,60-64 years,Male,1.5,36,2406076
2016,60-64 years,Female,1.9,48,2579350
2016,65-69 years,Male and female,1.7,72,4200176
2016,65-69 years,Male,1.9,38,1991008
2016,65-69 years,Female,1.5,34,2209168
2016,70-74 years,Male and female,2.0,58,2895647
2016,70-74 years,Male,2.0,27,1337714
2016,70-74 years,Female,2.0,31,1557933
2016,75-79 years,Male and female,2.1,42,2000321
2016,75-79 years,Male,2.7,24,890275
2016,75-79 years,Female,1.6,18,1110046
2016,80-84 years,Male and female,1.9,27,1393502
2016,80-84 years,Male,2.6,15,581725
2016,80-84 years,Female,1.5,12,811777
2016,85-89 years,Male and female,1.4,13,903238
2016,85-89 years,Male,1.8,6,341747
2016,85-89 years,Female,1.2,7,561491
2016,90+ years,Male and female,1.5,9,597040
2016,90+ years,Male,2.2,4,184839
2016,90+ years,Female,1.2,5,412201
2016,Unknown,Male and female,~,0,0
2016,Unknown,Male,~,0,0
2016,Unknown,Female,~,0,0
2017,00 years,Male and female,0.0,0,1055715
2017,00 years,Male,0.0,0,540425
2017,00 years,Female,0.0,0,515290
2017,01-04 years,Male and female,0.0,0,4364227
2017,01-04 years,Male,0.0,0,2233209
2017,01-04 years,Female,0.0,0,2131018
2017,05-09 years,Male and female,0.0,0,5563608
2017,05-09 years,Male,0.0,0,2843954
2017,05-09 years,Female,0.0,0,2719654
2017,10-14 years,Male and female,0.0,0,5828524
2017,10-14 years,Male,0.0,0,2980985
2017,10-14 years,Female,0.0,0,2847539
2017,15-19 years,Male and female,0.0,0,5756815
2017,15-19 years,Male,0.0,0,2944928
2017,15-19 years,Female,0.0,0,2811887
2017,20-24 years,Male and female,0.0,0,5931877
2017,20-24 years,Male,0.0,0,3053127
2017,20-24 years,Female,0.0,0,2878750
2017,25-29 years,Male and female,0.1,4,6361279
2017,25-29 years,Male,0.0,1,3250219
2017,25-29 years,Female,0.1,3,3111060
2017,30-34 years,Male and female,0.3,16,6059357
2017,30-34 years,Male,0.2,7,3078169
2017,30-34 years,Female,0.3,9,2981188
2017,35-39 years,Male and female,0.3,17,5900044
2017,35-39 years,Male,0.2,7,2978101
2017,35-39 years,Female,0.3,10,2921943
2017,40-44 years,Male and female,0.5,29,5431692
2017,40-44 years,Male,0.4,12,2716495
2017,40-44 years,Female,0.6,17,2715197
2017,45-49 years,Male and female,0.9,49,5711173
2017,45-49 years,Male,1.0,28,2857404
2017,45-49 years,Female,0.7,21,2853769
2017,50-54 years,Male and female,0.9,54,5727112
2017,50-54 years,Male,0.7,21,2849929
2017,50-54 years,Female,1.1,33,2877183
2017,55-59 years,Male and female,1.0,57,5766270
2017,55-59 years,Male,1.1,31,2839910
2017,55-59 years,Female,0.9,26,2926360
2017,60-64 years,Male and female,1.4,73,5114502
2017,60-64 years,Male,1.5,36,2475010
2017,60-64 years,Female,1.4,37,2639492
2017,65-69 years,Male and female,2.1,89,4206554
2017,65-69 years,Male,2.1,42,1993496
2017,65-69 years,Female,2.1,47,2213058
2017,70-74 years,Male and female,2.5,77,3138043
2017,70-74 years,Male,2.7,39,1453633
2017,70-74 years,Female,2.3,38,1684410
2017,75-79 years,Male and female,2.1,44,2077153
2017,75-79 years,Male,2.6,24,926925
2017,75-79 years,Female,1.7,20,1150228
2017,80-84 years,Male and female,2.6,37,1408829
2017,80-84 years,Male,2.7,16,591283
2017,80-84 years,Female,2.6,21,817546
2017,85-89 years,Male and female,2.1,19,899682
2017,85-89 years,Male,2.3,8,343728
2017,85-89 years,Female,2.0,11,555954
2017,90+ years,Male and female,0.8,5,605897
2017,90+ years,Male,1.1,2,188984
2017,90+ years,Female,0.7,3,416913
2017,Unknown,Male and female,~,0,0
2017,Unknown,Male,~,0,0
2017,Unknown,Female,~,0,0
2018,00 years,Male and female,0.0,0,1027082
2018,00 years,Male,0.0,0,525823
2018,00 years,Female,0.0,0,501259
2018,01-04 years,Male and female,0.0,0,4334686
2018,01-04 years,Male,0.0,0,2218412
2018,01-04 years,Female,0.0,0,2116274
2018,05-09 years,Male and female,0.0,0,5522380
2018,05-09 years,Male,0.0,0,2823247
2018,05-09 years,Female,0.0,0,2699133
2018,10-14 years,Male and female,0.0,0,5880632
2018,10-14 years,Male,0.0,0,3010222
2018,10-14 years,Female,0.0,0,2870410
2018,15-19 years,Male and female,0.0,0,5757836
2018,15-19 years,Male,0.0,0,2944738
2018,15-19 years,Female,0.0,0,2813098
2018,20-24 years,Male and female,0.0,2,5848340
2018,20-24 years,Male,0.0,0,3003014
2018,20-24 years,Female,0.1,2,2845326
2018,25-29 years,Male and female,0.1,8,6389475
2018,25-29 years,Male,0.1,2,3265421
2018,25-29 years,Female,0.2,6,3124054
2018,30-34 years,Male and female,0.1,9,6103565
2018,30-34 years,Male,0.2,5,3106345
2018,30-34 years,Female,0.1,4,2997220
2018,35-39 years,Male and female,0.3,17,6009166
2018,35-39 years,Male,0.2,7,3039867
2018,35-39 years,Female,0.3,10,2969299
2018,40-44 years,Male and female,0.5,25,5464261
2018,40-44 years,Male,0.5,14,2739024
2018,40-44 years,Female,0.4,11,2725237
2018,45-49 years,Male and female,0.8,44,5665067
2018,45-49 years,Male,0.7,20,2834121
2018,45-49 years,Female,0.8,24,2830946
2018,50-54 years,Male and female,1.0,59,5627831
2018,50-54 years,Male,0.9,24,2806774
2018,50-54 years,Female,1.2,35,2821057
2018,55-59 years,Male and female,1.3,74,5776523
2018,55-59 years,Male,1.3,37,2849919
2018,55-59 years,Female,1.3,37,2926604
2018,60-64 years,Male and female,1.5,79,5209701
2018,60-64 years,Male,1.5,39,2527960
2018,60-64 years,Female,1.5,40,2681741
2018,65-69 years,Male and female,1.7,74,4277574
2018,65-69 years,Male,1.5,31,2027591
2018,65-69 years,Female,1.9,43,2249983
2018,70-74 years,Male and female,1.8,58,3279661
2018,70-74 years,Male,1.5,23,1521665
2018,70-74 years,Female,2.0,35,1757996
2018,75-79 years,Male and female,2.3,50,2191823
2018,75-79 years,Male,2.5,25,980661
2018,75-79 years,Female,2.1,25,1211162
2018,80-84 years,Male and female,1.8,26,1439815
2018,80-84 years,Male,1.5,9,607462
2018,80-84 years,Female,2.0,17,832353
2018,85-89 years,Male and female,2.2,20,895702
2018,85-89 years,Male,2.9,10,344668
2018,85-89 years,Female,1.8,10,551034
2018,90+ years,Male and female,1.3,8,612555
2018,90+ years,Male,2.1,4,192441
2018,90+ years,Female,1.0,4,420114
2018,Unknown,Male and female,~,0,0
2018,Unknown,Male,~,0,0
2018,Unknown,Female,~,0,0
2019,00 years,Male and female,0.0,0,1007455
2019,00 years,Male,0.0,0,514853
2019,00 years,Female,0.0,0,492602
2019,01-04 years,Male and female,0.0,0,4271827
2019,01-04 years,Male,0.0,0,2185977
2019,01-04 years,Female,0.0,0,2085850
2019,05-09 years,Male and female,0.0,0,5512619
2019,05-09 years,Male,0.0,0,2819879
2019,05-09 years,Female,0.0,0,2692740
2019,10-14 years,Male and female,0.0,0,5879210
2019,10-14 years,Male,0.0,0,3010814
2019,10-14 years,Female,0.0,0,2868396
2019,15-19 years,Male and female,0.0,0,5767408
2019,15-19 years,Male,0.0,0,2947422
2019,15-19 years,Female,0.0,0,2819986
2019,20-24 years,Male and female,0.1,6,5775442
2019,20-24 years,Male,0.2,5,2961627
2019,20-24 years,Female,0.0,1,2813815
2019,25-29 years,Male and female,0.1,5,6356258
2019,25-29 years,Male,0.1,4,3249567
2019,25-29 years,Female,0.0,1,3106691
2019,30-34 years,Male and female,0.1,9,6188458
2019,30-34 years,Male,0.1,4,3152751
2019,30-34 years,Female,0.2,5,3035707
2019,35-39 years,Male and female,0.4,25,6073128
2019,35-39 years,Male,0.3,10,3079635
2019,35-39 years,Female,0.5,15,2993493
2019,40-44 years,Male and female,0.5,25,5525317
2019,40-44 years,Male,0.6,17,2774658
2019,40-44 years,Female,0.3,8,2750659
2019,45-49 years,Male and female,0.8,42,5580656
2019,45-49 years,Male,0.7,20,2794416
2019,45-49 years,Female,0.8,22,2786240
2019,50-54 years,Male and female,1.1,63,5547630
2019,50-54 years,Male,1.1,31,2772259
2019,50-54 years,Female,1.2,32,2775371
2019,55-59 years,Male and female,1.5,87,5775751
2019,55-59 years,Male,1.4,41,2853521
2019,55-59 years,Female,1.6,46,2922230
2019,60-64 years,Male and female,1.8,96,5272780
2019,60-64 years,Male,1.6,41,2566451
2019,60-64 years,Female,2.0,55,2706329
2019,65-69 years,Male and female,1.8,78,4373261
2019,65-69 years,Male,1.7,35,2074724
2019,65-69 years,Female,1.9,43,2298537
2019,70-74 years,Male and female,2.0,67,3429697
2019,70-74 years,Male,1.8,28,1593190
2019,70-74 years,Female,2.1,39,1836507
2019,75-79 years,Male and female,2.3,53,2280863
2019,75-79 years,Male,2.3,23,1021851
2019,75-79 years,Female,2.4,30,1259012
2019,80-84 years,Male and female,1.8,27,1477275
2019,80-84 years,Male,2.1,13,626529
2019,80-84 years,Female,1.6,14,850746
2019,85-89 years,Male and female,1.3,12,896296
2019,85-89 years,Male,1.7,6,346810
2019,85-89 years,Female,1.1,6,549486
2019,90+ years,Male and female,2.1,13,614866
2019,90+ years,Male,3.6,7,194428
2019,90+ years,Female,1.4,6,420438
2019,Unknown,Male and female,~,0,0
2019,Unknown,Male,~,0,0
2019,Unknown,Female,~,0,0
2020,00 years,Male and female,0.0,0,989223
2020,00 years,Male,0.0,0,506390
2020,00 years,Female,0.0,0,482833
2020,01-04 years,Male and female,0.0,0,4183764
2020,01-04 years,Male,0.0,0,2139818
2020,01-04 years,Female,0.0,0,2043946
2020,05-09 years,Male and female,0.0,0,5499106
2020,05-09 years,Male,0.0,0,2814424
2020,05-09 years,Female,0.0,0,2684682
2020,10-14 years,Male and female,0.0,1,5857990
2020,10-14 years,Male,0.0,1,3000763
2020,10-14 years,Female,0.0,0,2857227
2020,15-19 years,Male and female,0.0,1,5754042
2020,15-19 years,Male,0.0,0,2939067
2020,15-19 years,Female,0.0,1,2814975
2020,20-24 years,Male and female,0.0,1,5741890
2020,20-24 years,Male,0.0,1,2942941
2020,20-24 years,Female,0.0,0,2798949
2020,25-29 years,Male and female,0.1,7,6238134
2020,25-29 years,Male,0.1,2,3190173
2020,25-29 years,Female,0.2,5,3047961
2020,30-34 years,Male and female,0.2,10,6282848
2020,30-34 years,Male,0.2,5,3201406
2020,30-34 years,Female,0.2,5,3081442
2020,35-39 years,Male and female,0.4,23,6086430
2020,35-39 years,Male,0.4,11,3090566
2020,35-39 years,Female,0.4,12,2995864
2020,40-44 years,Male and female,0.4,22,5626613
2020,40-44 years,Male,0.4,12,2831171
2020,40-44 years,Female,0.4,10,2795442
2020,45-49 years,Male and female,0.7,38,5468680
2020,45-49 years,Male,0.8,21,2738060
2020,45-49 years,Female,0.6,17,2730620
2020,50-54 years,Male and female,1.1,62,5540218
2020,50-54 years,Male,0.8,22,2773173
2020,50-54 years,Female,1.4,40,2767045
2020,55-59 years,Male and female,1.0,56,5712565
2020,55-59 years,Male,0.8,23,2825417
2020,55-59 years,Female,1.1,33,2887148
2020,60-64 years,Male and female,1.6,85,5335130
2020,60-64 years,Male,1.8,48,2603890
2020,60-64 years,Female,1.4,37,2731240
2020,65-69 years,Male and female,1.8,82,4476416
2020,65-69 years,Male,2.0,42,2126624
2020,65-69 years,Female,1.7,40,2349792
2020,70-74 years,Male and female,1.9,69,3583710
2020,70-74 years,Male,2.3,38,1664952
2020,70-74 years,Female,1.6,31,1918758
2020,75-79 years,Male and female,2.2,51,2358970
2020,75-79 years,Male,1.9,20,1058026
2020,75-79 years,Female,2.4,31,1300944
2020,80-84 years,Male and female,2.0,30,1506951
2020,80-84 years,Male,1.9,12,641646
2020,80-84 years,Female,2.1,18,865305
2020,85-89 years,Male and female,1.9,17,905386
2020,85-89 years,Male,2.0,7,353896
2020,85-89 years,Female,1.8,10,551490
2020,90+ years,Male and female,1.5,9,608750
2020,90+ years,Male,2.6,5,192750
2020,90+ years,Female,1.0,4,416000
2020,Unknown,Male and female,~,0,0
2020,Unknown,Male,~,0,0
2020,Unknown,Female,~,0,0
2021,00 years,Male and female,0.0,0,948102
2021,00 years,Male,0.0,0,484044
2021,00 years,Female,0.0,0,464058
2021,01-04 years,Male and female,0.0,0,4073733
2021,01-04 years,Male,0.0,0,2084818
2021,01-04 years,Female,0.0,0,1988915
2021,05-09 years,Male and female,0.0,0,5456407
2021,05-09 years,Male,0.0,0,2790634
2021,05-09 years,Female,0.0,0,2665773
2021,10-14 years,Male and female,0.0,0,5780621
2021,10-14 years,Male,0.0,0,2961776
2021,10-14 years,Female,0.0,0,2818845
2021,15-19 years,Male and female,0.0,0,5694135
2021,15-19 years,Male,0.0,0,2912463
2021,15-19 years,Female,0.0,0,2781672
2021,20-24 years,Male and female,0.0,0,5682046
2021,20-24 years,Male,0.0,0,2910515
2021,20-24 years,Female,0.0,0,2771531
2021,25-29 years,Male and female,0.2,12,6082502
2021,25-29 years,Male,0.2,6,3107036
2021,25-29 years,Female,0.2,6,2975466
2021,30-34 years,Male and female,0.2,13,6333329
2021,30-34 years,Male,0.3,9,3220531
2021,30-34 years,Female,0.1,4,3112798
2021,35-39 years,Male and female,0.4,25,6084521
2021,35-39 years,Male,0.4,11,3091435
2021,35-39 years,Female,0.5,14,2993086
2021,40-44 years,Male and female,0.5,30,5721300
2021,40-44 years,Male,0.5,14,2880357
2021,40-44 years,Female,0.6,16,2840943
2021,45-49 years,Male and female,0.6,32,5334545
2021,45-49 years,Male,0.5,13,2666898
2021,45-49 years,Female,0.7,19,2667647
2021,50-54 years,Male and female,0.9,51,5556731
2021,50-54 years,Male,0.9,26,2779747
2021,50-54 years,Female,0.9,25,2776984
2021,55-59 years,Male and female,1.2,66,5593595
2021,55-59 years,Male,1.2,33,2766824
2021,55-59 years,Female,1.2,33,2826771
2021,60-64 years,Male and female,1.3,70,5367492
2021,60-64 years,Male,1.5,39,2621133
2021,60-64 years,Female,1.1,31,2746359
2021,65-69 years,Male and female,1.9,89,4565335
2021,65-69 years,Male,1.9,42,2170605
2021,65-69 years,Female,2.0,47,2394730
2021,70-74 years,Male and female,2.0,75,3737781
2021,70-74 years,Male,2.1,36,1731996
2021,70-74 years,Female,1.9,39,2005785
2021,75-79 years,Male and female,2.1,50,2426497
2021,75-79 years,Male,2.3,25,1087191
2021,75-79 years,Female,1.9,25,1339306
2021,80-84 years,Male and female,2.2,34,1540691
2021,80-84 years,Male,2.3,15,655256
2021,80-84 years,Female,2.1,19,885435
2021,85-89 years,Male and female,0.8,7,914049
2021,85-89 years,Male,0.3,1,358739
2021,85-89 years,Female,1.1,6,555310
2021,90+ years,Male and female,1.2,7,598408
2021,90+ years,Male,0.5,1,192482
2021,90+ years,Female,1.5,6,405926
2021,Unknown,Male and female,~,0,0
2021,Unknown,Male,~,0,0
2021,Unknown,Female,~,0,0
2022,00 years,Male and female,0.0,0,977010
2022,00 years,Male,0.0,0,499430
2022,00 years,Female,0.0,0,477580
2022,01-04 years,Male and female,0.0,0,3971856
2022,01-04 years,Male,0.0,0,2032021
2022,01-04 years,Female,0.0,0,1939835
2022,05-09 years,Male and female,0.0,0,5419401
2022,05-09 years,Male,0.0,0,2772489
2022,05-09 years,Female,0.0,0,2646912
2022,10-14 years,Male and female,0.0,0,5679002
2022,10-14 years,Male,0.0,0,2908509
2022,10-14 years,Female,0.0,0,2770493
2022,15-19 years,Male and female,0.0,0,5813090
2022,15-19 years,Male,0.0,0,2972306
2022,15-19 years,Female,0.0,0,2840784
2022,20-24 years,Male and female,0.1,5,5729176
2022,20-24 years,Male,0.1,4,2936531
2022,20-24 years,Female,0.0,1,2792645
2022,25-29 years,Male and female,0.2,10,5998404
2022,25-29 years,Male,0.2,7,3059917
2022,25-29 years,Female,0.1,3,2938487
2022,30-34 years,Male and female,0.2,13,6403269
2022,30-34 years,Male,0.1,4,3253138
2022,30-34 years,Female,0.3,9,3150131
2022,35-39 years,Male and female,0.6,34,6085031
2022,35-39 years,Male,0.4,13,3094064
2022,35-39 years,Female,0.7,21,2990967
2022,40-44 years,Male and female,0.8,47,5814790
2022,40-44 years,Male,0.8,23,2929460
2022,40-44 years,Female,0.8,24,2885330
2022,45-49 years,Male and female,0.9,47,5302917
2022,45-49 years,Male,0.6,15,2649343
2022,45-49 years,Female,1.2,32,2653574
2022,50-54 years,Male and female,1.7,96,5529381
2022,50-54 years,Male,1.2,33,2763211
2022,50-54 years,Female,2.3,63,2766170
2022,55-59 years,Male and female,1.8,96,5462308
2022,55-59 years,Male,1.2,32,2702102
2022,55-59 years,Female,2.3,64,2760206
2022,60-64 years,Male and female,1.7,91,5366866
2022,60-64 years,Male,1.6,41,2620699
2022,60-64 years,Female,1.8,50,2746167
2022,65-69 years,Male and female,2.4,111,4654533
2022,65-69 years,Male,2.0,45,2215654
2022,65-69 years,Female,2.7,66,2438879
2022,70-74 years,Male and female,2.9,110,3732300
2022,70-74 years,Male,3.3,57,1724292
2022,70-74 years,Female,2.6,53,2008008
2022,75-79 years,Male and female,3.1,81,2654198
2022,75-79 years,Male,3.3,39,1193743
2022,75-79 years,Female,2.9,42,1460455
2022,80-84 years,Male and female,3.0,48,1601019
2022,80-84 years,Male,3.1,21,681189
2022,80-84 years,Female,2.9,27,919830
2022,85-89 years,Male and female,2.6,24,921012
2022,85-89 years,Male,3.3,12,363066
2022,85-89 years,Female,2.2,12,557946
2022,90+ years,Male and female,1.7,10,602716
2022,90+ years,Male,3.0,6,197788
2022,90+ years,Female,1.0,4,404928
2022,Unknown,Male and female,~,0,0
2022,Unknown,Male,~,0,0
2022,Unknown,Female,~,0,0
2023,00 years,Male and female,0.0,0,962527
2023,00 years,Male,0.0,0,492566
2023,00 years,Female,0.0,0,469961
2023,01-04 years,Male and female,0.0,0,3941681
2023,01-04 years,Male,0.0,0,2015162
2023,01-04 years,Female,0.0,0,1926519
2023,05-09 years,Male and female,0.0,0,5377051
2023,05-09 years,Male,0.0,0,2751637
2023,05-09 years,Female,0.0,0,2625414
2023,10-14 years,Male and female,0.0,0,5587392
2023,10-14 years,Male,0.0,0,2860388
2023,10-14 years,Female,0.0,0,2727004
2023,15-19 years,Male and female,0.0,2,5893775
2023,15-19 years,Male,0.0,1,3015769
2023,15-19 years,Female,0.0,1,2878006
2023,20-24 years,Male and female,0.0,2,5790891
2023,20-24 years,Male,0.0,1,2968758
2023,20-24 years,Female,0.0,1,2822133
2023,25-29 years,Male and female,0.1,7,5965887
2023,25-29 years,Male,0.1,3,3039267
2023,25-29 years,Female,0.1,4,2926620
2023,30-34 years,Male and female,0.2,13,6452492
2023,30-34 years,Male,0.2,6,3275515
2023,30-34 years,Female,0.2,7,3176977
2023,35-39 years,Male and female,0.6,34,6127682
2023,35-39 years,Male,0.7,21,3115852
2023,35-39 years,Female,0.4,13,3011830
2023,40-44 years,Male and female,0.8,48,5917574
2023,40-44 years,Male,0.6,18,2984008
2023,40-44 years,Female,1.0,30,2933566
2023,45-49 years,Male and female,1.1,57,5339625
2023,45-49 years,Male,0.9,25,2668307
2023,45-49 years,Female,1.2,32,2671318
2023,50-54 years,Male and female,1.5,81,5473033
2023,50-54 years,Male,1.5,42,2729678
2023,50-54 years,Female,1.4,39,2743355
2023,55-59 years,Male and female,1.9,102,5357839
2023,55-59 years,Male,1.5,39,2652477
2023,55-59 years,Female,2.3,63,2705362
2023,60-64 years,Male and female,2.6,138,5369457
2023,60-64 years,Male,2.2,57,2621421
2023,60-64 years,Female,2.9,81,2748036
2023,65-69 years,Male and female,3.0,141,4745864
2023,65-69 years,Male,2.7,62,2263498
2023,65-69 years,Female,3.2,79,2482366
2023,70-74 years,Male and female,3.2,122,3808399
2023,70-74 years,Male,3.0,53,1759677
2023,70-74 years,Female,3.4,69,2048722
2023,75-79 years,Male and female,3.4,95,2788675
2023,75-79 years,Male,3.6,45,1255675
2023,75-79 years,Female,3.3,50,1533000
2023,80-84 years,Male and female,2.9,50,1701242
2023,80-84 years,Male,3.2,23,726324
2023,80-84 years,Female,2.8,27,974918
2023,85-89 years,Male and female,2.1,20,946168
2023,85-89 years,Male,1.9,7,374582
2023,85-89 years,Female,2.3,13,571586
2023,90+ years,Male and female,1.0,6,613712
2023,90+ years,Male,2.4,5,205984
2023,90+ years,Female,0.2,1,407728
2023,Unknown,Male and female,~,0,0
2023,Unknown,Male,~,0,0
2023,Unknown,Female,~,0,0
