"Year of death recode","Age at death with <1 yr olds and 90+","Age-Adjusted Rate","Standard Error","Lower Confidence Interval","Upper Confidence Interval","Count","Population"
"2000-2023","00 years",0.0000,~,0.0000,0.0144,0,25699738
"2000-2023","01-04 years",0.0000,~,0.0000,0.0036,0,103526874
"2000-2023","05-09 years",0.0000,~,0.0000,0.0028,0,132001597
"2000-2023","10-14 years",0.0007,0.0007,0.0000,0.0040,1,138033890
"2000-2023","15-19 years",0.0000,~,0.0000,0.0027,0,138444949
"2000-2023","20-24 years",0.0029,0.0014,0.0008,0.0074,4,138981475
"2000-2023","25-29 years",0.0165,0.0034,0.0104,0.0247,23,139760066
"2000-2023","30-34 years",0.0379,0.0052,0.0284,0.0495,53,139912110
"2000-2023","35-39 years",0.0689,0.0070,0.0558,0.0841,96,139395069
"2000-2023","40-44 years",0.1353,0.0099,0.1167,0.1561,188,138900782
"2000-2023","45-49 years",0.2297,0.0130,0.2050,0.2565,314,136718223
"2000-2023","50-54 years",0.3277,0.0157,0.2976,0.3601,433,132127383
"2000-2023","55-59 years",0.4886,0.0201,0.4500,0.5298,589,120537452
"2000-2023","60-64 years",0.6528,0.0253,0.6043,0.7043,668,102321498
"2000-2023","65-69 years",0.8118,0.0314,0.7514,0.8759,667,82159473
"2000-2023","70-74 years",0.9741,0.0391,0.8991,1.0538,622,63853230
"2000-2023","75-79 years",1.3367,0.0529,1.2350,1.4446,638,47728720
"2000-2023","80-84 years",1.6236,0.0694,1.4903,1.7655,547,33691061
"2000-2023","85-89 years",1.9529,0.0983,1.7651,2.1553,395,20226107
"2000-2023","90+ years",2.5056,0.1447,2.2300,2.8058,300,11973281
"2000","00 years",0.0000,~,0.0000,0.3455,0,1067776
"2000","01-04 years",0.0000,~,0.0000,0.0865,0,4266382
"2000","05-09 years",0.0000,~,0.0000,0.0647,0,5700897
"2000","10-14 years",0.0000,~,0.0000,0.0658,0,5603550
"2000","15-19 years",0.0000,~,0.0000,0.0680,0,5423634
"2000","20-24 years",0.0000,~,0.0000,0.0710,0,5197868
"2000","25-29 years",0.0000,~,0.0000,0.0691,0,5339196
"2000","30-34 years",0.0000,~,0.0000,0.0647,0,5702177
"2000","35-39 years",0.0000,~,0.0000,0.0600,0,6146055
"2000","40-44 years",0.0000,~,0.0000,0.0617,0,5982564
"2000","45-49 years",0.0000,~,0.0000,0.0696,0,5300905
"2000","50-54 years",0.1297,0.0529,0.0476,0.2823,6,4626098
"2000","55-59 years",0.0290,0.0290,0.0007,0.1616,1,3447696
"2000","60-64 years",0.1115,0.0644,0.0230,0.3258,3,2691241
"2000","65-69 years",0.1731,0.0866,0.0472,0.4433,4,2310517
"2000","70-74 years",0.1885,0.0942,0.0514,0.4826,4,2122158
"2000","75-79 years",0.5544,0.1753,0.2658,1.0195,10,1803814
"2000","80-84 years",0.2501,0.1444,0.0516,0.7308,3,1199627
"2000","85-89 years",0.2976,0.2104,0.0360,1.0749,2,672100
"2000","90+ years",0.8613,0.4973,0.1776,2.5172,3,348292
"2001","00 years",0.0000,~,0.0000,0.3304,0,1116321
"2001","01-04 years",0.0000,~,0.0000,0.0871,0,4236952
"2001","05-09 years",0.0000,~,0.0000,0.0657,0,5616969
"2001","10-14 years",0.0000,~,0.0000,0.0644,0,5727913
"2001","15-19 years",0.0000,~,0.0000,0.0675,0,5464048
"2001","20-24 years",0.0000,~,0.0000,0.0685,0,5387509
"2001","25-29 years",0.0000,~,0.0000,0.0704,0,5239280
"2001","30-34 years",0.0522,0.0302,0.0108,0.1526,3,5744207
"2001","35-39 years",0.0000,~,0.0000,0.0609,0,6061657
"2001","40-44 years",0.0659,0.0329,0.0179,0.1687,4,6072082
"2001","45-49 years",0.0920,0.0411,0.0299,0.2146,5,5436954
"2001","50-54 years",0.1855,0.0618,0.0848,0.3521,9,4852495
"2001","55-59 years",0.2800,0.0885,0.1343,0.5149,10,3571859
"2001","60-64 years",0.2529,0.0956,0.1017,0.5212,7,2767408
"2001","65-69 years",0.4734,0.1427,0.2363,0.8470,11,2323772
"2001","70-74 years",0.1891,0.0945,0.0515,0.4841,4,2115746
"2001","75-79 years",0.6643,0.1918,0.3432,1.1603,12,1806529
"2001","80-84 years",0.2410,0.1391,0.0497,0.7043,3,1244840
"2001","85-89 years",0.7321,0.3274,0.2377,1.7084,5,682997
"2001","90+ years",0.5648,0.3994,0.0684,2.0402,2,354116
"2002","00 years",0.0000,~,0.0000,0.3352,0,1100637
"2002","01-04 years",0.0000,~,0.0000,0.0862,0,4278611
"2002","05-09 years",0.0000,~,0.0000,0.0668,0,5521742
"2002","10-14 years",0.0000,~,0.0000,0.0632,0,5834011
"2002","15-19 years",0.0000,~,0.0000,0.0670,0,5508918
"2002","20-24 years",0.0000,~,0.0000,0.0668,0,5523290
"2002","25-29 years",0.0000,~,0.0000,0.0708,0,5211942
"2002","30-34 years",0.0348,0.0246,0.0042,0.1258,2,5741098
"2002","35-39 years",0.0672,0.0336,0.0183,0.1722,4,5949141
"2002","40-44 years",0.0164,0.0164,0.0004,0.0912,1,6109942
"2002","45-49 years",0.1252,0.0473,0.0503,0.2579,7,5592395
"2002","50-54 years",0.1437,0.0543,0.0578,0.2962,7,4869644
"2002","55-59 years",0.2577,0.0815,0.1236,0.4739,10,3880853
"2002","60-64 years",0.3478,0.1100,0.1668,0.6396,10,2875444
"2002","65-69 years",0.2556,0.1043,0.0938,0.5562,6,2347778
"2002","70-74 years",0.4756,0.1504,0.2281,0.8746,10,2102604
"2002","75-79 years",0.6092,0.1837,0.3041,1.0900,11,1805756
"2002","80-84 years",1.1641,0.3006,0.6515,1.9200,15,1288528
"2002","85-89 years",0.8635,0.3525,0.3169,1.8794,6,694876
"2002","90+ years",1.3878,0.6206,0.4506,3.2386,5,360286
"2003","00 years",0.0000,~,0.0000,0.3312,0,1113922
"2003","01-04 years",0.0000,~,0.0000,0.0854,0,4319305
"2003","05-09 years",0.0000,~,0.0000,0.0679,0,5435020
"2003","10-14 years",0.0000,~,0.0000,0.0625,0,5900465
"2003","15-19 years",0.0000,~,0.0000,0.0662,0,5570472
"2003","20-24 years",0.0178,0.0178,0.0005,0.0994,1,5604106
"2003","25-29 years",0.0000,~,0.0000,0.0705,0,5232688
"2003","30-34 years",0.0352,0.0249,0.0043,0.1271,2,5683975
"2003","35-39 years",0.0171,0.0171,0.0004,0.0954,1,5841252
"2003","40-44 years",0.0979,0.0400,0.0359,0.2130,6,6130215
"2003","45-49 years",0.2097,0.0605,0.1083,0.3662,12,5723662
"2003","50-54 years",0.3422,0.0830,0.1994,0.5479,17,4967509
"2003","55-59 years",0.2707,0.0816,0.1351,0.4843,11,4063899
"2003","60-64 years",0.3621,0.1092,0.1808,0.6480,11,3037531
"2003","65-69 years",0.4166,0.1317,0.1998,0.7661,10,2400502
"2003","70-74 years",0.2870,0.1172,0.1053,0.6248,6,2090247
"2003","75-79 years",0.8858,0.2215,0.5063,1.4385,16,1806245
"2003","80-84 years",0.8331,0.2512,0.4159,1.4906,11,1320390
"2003","85-89 years",0.4209,0.2430,0.0868,1.2299,3,712838
"2003","90+ years",0.0000,~,0.0000,0.9978,0,369719
"2004","00 years",0.0000,~,0.0000,0.3294,0,1119875
"2004","01-04 years",0.0000,~,0.0000,0.0845,0,4366827
"2004","05-09 years",0.0000,~,0.0000,0.0688,0,5363003
"2004","10-14 years",0.0000,~,0.0000,0.0624,0,5913986
"2004","15-19 years",0.0000,~,0.0000,0.0651,0,5665465
"2004","20-24 years",0.0000,~,0.0000,0.0650,0,5672770
"2004","25-29 years",0.0000,~,0.0000,0.0693,0,5321924
"2004","30-34 years",0.0179,0.0179,0.0005,0.0996,1,5595077
"2004","35-39 years",0.0695,0.0348,0.0189,0.1780,4,5753437
"2004","40-44 years",0.1624,0.0514,0.0779,0.2987,10,6156729
"2004","45-49 years",0.1548,0.0516,0.0708,0.2939,9,5812541
"2004","50-54 years",0.2357,0.0681,0.1218,0.4118,12,5090405
"2004","55-59 years",0.2579,0.0778,0.1287,0.4614,11,4265573
"2004","60-64 years",0.3476,0.1048,0.1735,0.6219,11,3164725
"2004","65-69 years",0.6510,0.1627,0.3721,1.0571,16,2457852
"2004","70-74 years",0.6742,0.1802,0.3686,1.1312,14,2076500
"2004","75-79 years",0.8370,0.2161,0.4685,1.3805,15,1792060
"2004","80-84 years",0.5914,0.2091,0.2553,1.1653,8,1352666
"2004","85-89 years",1.6545,0.4776,0.8549,2.8901,12,725295
"2004","90+ years",2.1174,0.7486,0.9142,4.1722,8,377815
"2005","00 years",0.0000,~,0.0000,0.3314,0,1113285
"2005","01-04 years",0.0000,~,0.0000,0.0840,0,4391479
"2005","05-09 years",0.0000,~,0.0000,0.0696,0,5298152
"2005","10-14 years",0.0000,~,0.0000,0.0630,0,5852729
"2005","15-19 years",0.0000,~,0.0000,0.0639,0,5771809
"2005","20-24 years",0.0000,~,0.0000,0.0651,0,5669013
"2005","25-29 years",0.0000,~,0.0000,0.0680,0,5422007
"2005","30-34 years",0.0000,~,0.0000,0.0677,0,5445790
"2005","35-39 years",0.1222,0.0462,0.0491,0.2517,7,5729724
"2005","40-44 years",0.1149,0.0434,0.0462,0.2368,7,6091469
"2005","45-49 years",0.2882,0.0699,0.1679,0.4614,17,5898609
"2005","50-54 years",0.2112,0.0637,0.1054,0.3779,11,5208227
"2005","55-59 years",0.3789,0.0919,0.2207,0.6066,17,4486865
"2005","60-64 years",0.4888,0.1222,0.2794,0.7938,16,3273406
"2005","65-69 years",0.5576,0.1490,0.3048,0.9356,14,2510768
"2005","70-74 years",0.4335,0.1445,0.1982,0.8229,9,2076193
"2005","75-79 years",0.9501,0.2304,0.5535,1.5212,17,1789269
"2005","80-84 years",1.3128,0.3094,0.7780,2.0747,18,1371165
"2005","85-89 years",1.1950,0.3983,0.5464,2.2685,9,753128
"2005","90+ years",1.2752,0.5703,0.4140,2.9758,5,392108
"2006","00 years",0.0000,~,0.0000,0.3321,0,1110847
"2006","01-04 years",0.0000,~,0.0000,0.0843,0,4376434
"2006","05-09 years",0.0000,~,0.0000,0.0696,0,5301784
"2006","10-14 years",0.0000,~,0.0000,0.0637,0,5787041
"2006","15-19 years",0.0000,~,0.0000,0.0629,0,5868051
"2006","20-24 years",0.0000,~,0.0000,0.0652,0,5661770
"2006","25-29 years",0.0180,0.0180,0.0005,0.1001,1,5567388
"2006","30-34 years",0.0376,0.0266,0.0046,0.1358,2,5321888
"2006","35-39 years",0.0000,~,0.0000,0.0641,0,5752333
"2006","40-44 years",0.1502,0.0501,0.0687,0.2851,9,5992522
"2006","45-49 years",0.2681,0.0670,0.1532,0.4353,16,5968323
"2006","50-54 years",0.1874,0.0593,0.0899,0.3446,10,5336376
"2006","55-59 years",0.5112,0.1043,0.3275,0.7606,24,4694802
"2006","60-64 years",0.4432,0.1144,0.2481,0.7310,15,3384246
"2006","65-69 years",0.5825,0.1504,0.3260,0.9607,15,2575230
"2006","70-74 years",0.3837,0.1357,0.1657,0.7561,8,2084803
"2006","75-79 years",0.7850,0.2098,0.4292,1.3171,14,1783499
"2006","80-84 years",1.0184,0.2722,0.5568,1.7088,14,1374648
"2006","85-89 years",1.9182,0.4953,1.0736,3.1638,15,781985
"2006","90+ years",1.4723,0.6011,0.5403,3.2047,6,407513
"2007","00 years",0.0000,~,0.0000,0.3214,0,1147615
"2007","01-04 years",0.0000,~,0.0000,0.0840,0,4392736
"2007","05-09 years",0.0000,~,0.0000,0.0692,0,5330653
"2007","10-14 years",0.0000,~,0.0000,0.0644,0,5724173
"2007","15-19 years",0.0000,~,0.0000,0.0619,0,5957514
"2007","20-24 years",0.0000,~,0.0000,0.0650,0,5675499
"2007","25-29 years",0.0176,0.0176,0.0004,0.0982,1,5675465
"2007","30-34 years",0.0378,0.0267,0.0046,0.1366,2,5290819
"2007","35-39 years",0.0174,0.0174,0.0004,0.0970,1,5744514
"2007","40-44 years",0.1021,0.0417,0.0375,0.2222,6,5877939
"2007","45-49 years",0.2333,0.0624,0.1276,0.3914,14,6000727
"2007","50-54 years",0.3096,0.0751,0.1804,0.4958,17,5490229
"2007","55-59 years",0.4886,0.1019,0.3097,0.7331,23,4707690
"2007","60-64 years",0.4890,0.1153,0.2898,0.7728,18,3681050
"2007","65-69 years",0.4855,0.1347,0.2585,0.8303,13,2677413
"2007","70-74 years",0.7594,0.1898,0.4341,1.2332,16,2106976
"2007","75-79 years",0.9008,0.2252,0.5149,1.4629,16,1776135
"2007","80-84 years",1.4487,0.3239,0.8849,2.2375,20,1380502
"2007","85-89 years",1.7214,0.4601,0.9411,2.8883,14,813268
"2007","90+ years",0.7089,0.4093,0.1462,2.0717,3,423202
"2008","00 years",0.0000,~,0.0000,0.3214,0,1147582
"2008","01-04 years",0.0000,~,0.0000,0.0831,0,4440872
"2008","05-09 years",0.0000,~,0.0000,0.0684,0,5395856
"2008","10-14 years",0.0000,~,0.0000,0.0650,0,5676680
"2008","15-19 years",0.0000,~,0.0000,0.0613,0,6013570
"2008","20-24 years",0.0000,~,0.0000,0.0646,0,5711067
"2008","25-29 years",0.0173,0.0173,0.0004,0.0965,1,5774934
"2008","30-34 years",0.0000,~,0.0000,0.0692,0,5332363
"2008","35-39 years",0.1579,0.0526,0.0722,0.2997,9,5700810
"2008","40-44 years",0.0519,0.0300,0.0107,0.1517,3,5780064
"2008","45-49 years",0.1661,0.0525,0.0796,0.3054,10,6021775
"2008","50-54 years",0.2844,0.0711,0.1625,0.4618,16,5626248
"2008","55-59 years",0.3117,0.0805,0.1745,0.5142,15,4811649
"2008","60-64 years",0.5443,0.1188,0.3369,0.8320,21,3858100
"2008","65-69 years",0.8115,0.1692,0.5144,1.2176,23,2834421
"2008","70-74 years",0.6033,0.1673,0.3212,1.0317,13,2154834
"2008","75-79 years",0.8482,0.2190,0.4748,1.3991,15,1768353
"2008","80-84 years",1.4431,0.3227,0.8815,2.2288,20,1385886
"2008","85-89 years",0.9493,0.3356,0.4099,1.8706,8,842682
"2008","90+ years",1.1401,0.5098,0.3702,2.6605,5,438577
"2009","00 years",0.0000,~,0.0000,0.3351,0,1100756
"2009","01-04 years",0.0000,~,0.0000,0.0825,0,4472983
"2009","05-09 years",0.0000,~,0.0000,0.0673,0,5481603
"2009","10-14 years",0.0000,~,0.0000,0.0653,0,5650269
"2009","15-19 years",0.0000,~,0.0000,0.0613,0,6022532
"2009","20-24 years",0.0000,~,0.0000,0.0638,0,5783527
"2009","25-29 years",0.0000,~,0.0000,0.0633,0,5824249
"2009","30-34 years",0.0184,0.0184,0.0005,0.1026,1,5428384
"2009","35-39 years",0.0889,0.0398,0.0289,0.2075,5,5623287
"2009","40-44 years",0.1756,0.0555,0.0842,0.3229,10,5695156
"2009","45-49 years",0.2809,0.0681,0.1637,0.4498,17,6051199
"2009","50-54 years",0.3669,0.0801,0.2271,0.5608,21,5723838
"2009","55-59 years",0.5259,0.1031,0.3436,0.7706,26,4943559
"2009","60-64 years",0.6641,0.1278,0.4376,0.9662,27,4065831
"2009","65-69 years",0.8430,0.1686,0.5455,1.2444,25,2965591
"2009","70-74 years",0.8585,0.1969,0.5169,1.3406,19,2213246
"2009","75-79 years",1.4158,0.2832,0.9162,2.0900,25,1765814
"2009","80-84 years",1.4437,0.3228,0.8819,2.2297,20,1385307
"2009","85-89 years",1.1448,0.3620,0.5490,2.1053,10,873508
"2009","90+ years",2.2016,0.6962,1.0558,4.0488,10,454213
"2010","00 years",0.0000,~,0.0000,0.3393,0,1087127
"2010","01-04 years",0.0000,~,0.0000,0.0826,0,4468079
"2010","05-09 years",0.0000,~,0.0000,0.0665,0,5544620
"2010","10-14 years",0.0000,~,0.0000,0.0653,0,5651593
"2010","15-19 years",0.0000,~,0.0000,0.0617,0,5977857
"2010","20-24 years",0.0000,~,0.0000,0.0628,0,5877517
"2010","25-29 years",0.0000,~,0.0000,0.0633,0,5824978
"2010","30-34 years",0.0360,0.0255,0.0044,0.1302,2,5548344
"2010","35-39 years",0.0907,0.0406,0.0294,0.2116,5,5514271
"2010","40-44 years",0.1229,0.0464,0.0494,0.2531,7,5697788
"2010","45-49 years",0.2829,0.0686,0.1648,0.4529,17,6010229
"2010","50-54 years",0.3772,0.0804,0.2364,0.5711,22,5831930
"2010","55-59 years",0.5504,0.1040,0.3657,0.7955,28,5087375
"2010","60-64 years",0.6057,0.1188,0.3957,0.8875,26,4292335
"2010","65-69 years",0.8752,0.1684,0.5768,1.2734,27,3084897
"2010","70-74 years",0.6615,0.1708,0.3702,1.0910,15,2267577
"2010","75-79 years",1.2984,0.2707,0.8231,1.9483,23,1771363
"2010","80-84 years",1.7243,0.3520,1.1048,2.5656,24,1391894
"2010","85-89 years",1.5620,0.4175,0.8540,2.6208,14,896290
"2010","90+ years",1.6867,0.5963,0.7282,3.3235,8,474301
"2011","00 years",0.0000,~,0.0000,0.3357,0,1098717
"2011","01-04 years",0.0000,~,0.0000,0.0829,0,4449629
"2011","05-09 years",0.0000,~,0.0000,0.0664,0,5559675
"2011","10-14 years",0.0000,~,0.0000,0.0650,0,5671438
"2011","15-19 years",0.0000,~,0.0000,0.0626,0,5893207
"2011","20-24 years",0.0332,0.0235,0.0040,0.1200,2,6021376
"2011","25-29 years",0.0171,0.0171,0.0004,0.0953,1,5846490
"2011","30-34 years",0.0176,0.0176,0.0004,0.0983,1,5665817
"2011","35-39 years",0.0739,0.0369,0.0201,0.1891,4,5414794
"2011","40-44 years",0.1567,0.0522,0.0716,0.2974,9,5745035
"2011","45-49 years",0.1690,0.0534,0.0810,0.3107,10,5918831
"2011","50-54 years",0.3556,0.0776,0.2201,0.5436,21,5905643
"2011","55-59 years",0.4779,0.0956,0.3093,0.7055,25,5230748
"2011","60-64 years",0.7334,0.1277,0.5048,1.0299,33,4499811
"2011","65-69 years",0.8133,0.1595,0.5313,1.1917,26,3196670
"2011","70-74 years",1.0275,0.2097,0.6583,1.5288,24,2335808
"2011","75-79 years",1.1769,0.2568,0.7285,1.7990,21,1784342
"2011","80-84 years",2.2269,0.4000,1.5131,3.1610,31,1392047
"2011","85-89 years",1.2260,0.3697,0.6120,2.1937,11,897226
"2011","90+ years",2.5964,0.7201,1.3825,4.4400,13,500687
"2012","00 years",0.0000,~,0.0000,0.3412,0,1081003
"2012","01-04 years",0.0000,~,0.0000,0.0834,0,4421491
"2012","05-09 years",0.0000,~,0.0000,0.0658,0,5607791
"2012","10-14 years",0.0000,~,0.0000,0.0651,0,5670154
"2012","15-19 years",0.0000,~,0.0000,0.0633,0,5826683
"2012","20-24 years",0.0000,~,0.0000,0.0601,0,6140507
"2012","25-29 years",0.0000,~,0.0000,0.0630,0,5851748
"2012","30-34 years",0.0520,0.0300,0.0107,0.1519,3,5771270
"2012","35-39 years",0.1110,0.0453,0.0407,0.2416,6,5404746
"2012","40-44 years",0.1392,0.0492,0.0601,0.2742,8,5749187
"2012","45-49 years",0.3092,0.0729,0.1832,0.4886,18,5821833
"2012","50-54 years",0.3035,0.0715,0.1799,0.4796,18,5931301
"2012","55-59 years",0.6133,0.1068,0.4221,0.8613,33,5380993
"2012","60-64 years",0.7086,0.1253,0.4847,1.0003,32,4516115
"2012","65-69 years",0.4887,0.1185,0.2847,0.7824,17,3478899
"2012","70-74 years",0.8627,0.1883,0.5341,1.3188,21,2434085
"2012","75-79 years",1.6611,0.3033,1.1208,2.3714,30,1805989
"2012","80-84 years",1.5833,0.3376,0.9922,2.3971,22,1389505
"2012","85-89 years",1.7774,0.4444,1.0159,2.8864,16,900188
"2012","90+ years",1.1427,0.4665,0.4194,2.4873,6,525053
"2013","00 years",0.0000,~,0.0000,0.3410,0,1081810
"2013","01-04 years",0.0000,~,0.0000,0.0842,0,4380649
"2013","05-09 years",0.0000,~,0.0000,0.0654,0,5642946
"2013","10-14 years",0.0000,~,0.0000,0.0649,0,5685516
"2013","15-19 years",0.0000,~,0.0000,0.0638,0,5779395
"2013","20-24 years",0.0162,0.0162,0.0004,0.0900,1,6191514
"2013","25-29 years",0.0340,0.0240,0.0041,0.1227,2,5887684
"2013","30-34 years",0.0341,0.0241,0.0041,0.1231,2,5869882
"2013","35-39 years",0.0367,0.0260,0.0044,0.1327,2,5445940
"2013","40-44 years",0.1051,0.0429,0.0386,0.2288,6,5708744
"2013","45-49 years",0.3318,0.0761,0.1997,0.5181,19,5727084
"2013","50-54 years",0.3360,0.0751,0.2052,0.5189,20,5952632
"2013","55-59 years",0.4907,0.0944,0.3234,0.7140,27,5501857
"2013","60-64 years",0.7816,0.1303,0.5474,1.0820,36,4606197
"2013","65-69 years",0.8500,0.1527,0.5775,1.2065,31,3646992
"2013","70-74 years",1.3590,0.2297,0.9466,1.8901,35,2575381
"2013","75-79 years",1.4617,0.2813,0.9633,2.1267,27,1847149
"2013","80-84 years",1.8798,0.3687,1.2280,2.7544,26,1383090
"2013","85-89 years",2.1130,0.4848,1.2722,3.2998,19,899184
"2013","90+ years",2.9427,0.7357,1.6820,4.7788,16,543718
"2014","00 years",0.0000,~,0.0000,0.3406,0,1082969
"2014","01-04 years",0.0000,~,0.0000,0.0843,0,4377926
"2014","05-09 years",0.0000,~,0.0000,0.0655,0,5630946
"2014","10-14 years",0.0175,0.0175,0.0004,0.0975,1,5711721
"2014","15-19 years",0.0000,~,0.0000,0.0642,0,5745223
"2014","20-24 years",0.0000,~,0.0000,0.0595,0,6202818
"2014","25-29 years",0.0501,0.0289,0.0103,0.1465,3,5984723
"2014","30-34 years",0.0505,0.0292,0.0104,0.1476,3,5939492
"2014","35-39 years",0.0543,0.0314,0.0112,0.1587,3,5522885
"2014","40-44 years",0.1776,0.0561,0.0851,0.3265,10,5632118
"2014","45-49 years",0.3005,0.0729,0.1751,0.4812,17,5656728
"2014","50-54 years",0.5195,0.0933,0.3530,0.7374,31,5966922
"2014","55-59 years",0.5009,0.0947,0.3329,0.7240,28,5589732
"2014","60-64 years",0.6983,0.1215,0.4806,0.9806,33,4726091
"2014","65-69 years",0.7311,0.1382,0.4858,1.0567,28,3829687
"2014","70-74 years",0.7802,0.1703,0.4830,1.1927,21,2691532
"2014","75-79 years",1.5275,0.2836,1.0230,2.1937,29,1898544
"2014","80-84 years",1.9578,0.3768,1.2902,2.8486,27,1379065
"2014","85-89 years",2.2286,0.4983,1.3613,3.4419,20,897432
"2014","90+ years",3.0026,0.7282,1.7491,4.8074,17,566177
"2015","00 years",0.0000,~,0.0000,0.3394,0,1086973
"2015","01-04 years",0.0000,~,0.0000,0.0843,0,4376122
"2015","05-09 years",0.0000,~,0.0000,0.0657,0,5614576
"2015","10-14 years",0.0000,~,0.0000,0.0645,0,5722060
"2015","15-19 years",0.0000,~,0.0000,0.0641,0,5754505
"2015","20-24 years",0.0000,~,0.0000,0.0601,0,6135235
"2015","25-29 years",0.0327,0.0232,0.0040,0.1183,2,6107970
"2015","30-34 years",0.0335,0.0237,0.0041,0.1209,2,5977425
"2015","35-39 years",0.1063,0.0434,0.0390,0.2313,6,5645606
"2015","40-44 years",0.1806,0.0571,0.0866,0.3322,10,5536323
"2015","45-49 years",0.3001,0.0728,0.1748,0.4805,17,5665030
"2015","50-54 years",0.3379,0.0755,0.2064,0.5218,20,5919758
"2015","55-59 years",0.5809,0.1011,0.3999,0.8158,33,5680558
"2015","60-64 years",0.8847,0.1349,0.6402,1.1916,43,4860613
"2015","65-69 years",0.8460,0.1451,0.5859,1.1822,34,4018771
"2015","70-74 years",0.9999,0.1890,0.6644,1.4451,28,2800302
"2015","75-79 years",1.5935,0.2862,1.0827,2.2619,31,1945359
"2015","80-84 years",1.4466,0.3235,0.8836,2.2341,20,1382577
"2015","85-89 years",2.5511,0.5319,1.6172,3.8279,23,901577
"2015","90+ years",2.9132,0.7065,1.6970,4.6642,17,583560
"2016","00 years",0.0000,~,0.0000,0.3430,0,1075409
"2016","01-04 years",0.0000,~,0.0000,0.0844,0,4368623
"2016","05-09 years",0.0000,~,0.0000,0.0658,0,5604792
"2016","10-14 years",0.0000,~,0.0000,0.0641,0,5757220
"2016","15-19 years",0.0000,~,0.0000,0.0640,0,5764965
"2016","20-24 years",0.0000,~,0.0000,0.0612,0,6026427
"2016","25-29 years",0.0480,0.0277,0.0099,0.1402,3,6255461
"2016","30-34 years",0.0497,0.0287,0.0103,0.1454,3,6030784
"2016","35-39 years",0.1557,0.0519,0.0712,0.2957,9,5778615
"2016","40-44 years",0.2022,0.0610,0.1009,0.3617,11,5441358
"2016","45-49 years",0.2978,0.0722,0.1735,0.4768,17,5708735
"2016","50-54 years",0.3261,0.0748,0.1963,0.5093,19,5826192
"2016","55-59 years",0.5742,0.1000,0.3953,0.8064,33,5746893
"2016","60-64 years",0.6018,0.1099,0.4060,0.8590,30,4985426
"2016","65-69 years",0.5952,0.1190,0.3852,0.8787,25,4200176
"2016","70-74 years",1.4159,0.2211,1.0161,1.9209,41,2895647
"2016","75-79 years",1.4498,0.2692,0.9709,2.0821,29,2000321
"2016","80-84 years",2.0811,0.3864,1.3937,2.9888,29,1393502
"2016","85-89 years",3.1000,0.5858,2.0599,4.4803,28,903238
"2016","90+ years",2.3449,0.6267,1.2820,3.9343,14,597040
"2017","00 years",0.0000,~,0.0000,0.3494,0,1055715
"2017","01-04 years",0.0000,~,0.0000,0.0845,0,4364227
"2017","05-09 years",0.0000,~,0.0000,0.0663,0,5563608
"2017","10-14 years",0.0000,~,0.0000,0.0633,0,5828524
"2017","15-19 years",0.0000,~,0.0000,0.0641,0,5756815
"2017","20-24 years",0.0000,~,0.0000,0.0622,0,5931877
"2017","25-29 years",0.0314,0.0222,0.0038,0.1136,2,6361279
"2017","30-34 years",0.0660,0.0330,0.0180,0.1690,4,6059357
"2017","35-39 years",0.0678,0.0339,0.0185,0.1736,4,5900044
"2017","40-44 years",0.2209,0.0638,0.1142,0.3859,12,5431692
"2017","45-49 years",0.2626,0.0678,0.1470,0.4332,15,5711173
"2017","50-54 years",0.4016,0.0837,0.2546,0.6026,23,5727112
"2017","55-59 years",0.5896,0.1011,0.4083,0.8240,34,5766270
"2017","60-64 years",0.8212,0.1267,0.5918,1.1100,42,5114502
"2017","65-69 years",1.3075,0.1763,0.9850,1.7019,55,4206554
"2017","70-74 years",1.5933,0.2253,1.1826,2.1006,50,3138043
"2017","75-79 years",1.5887,0.2766,1.0936,2.2311,33,2077153
"2017","80-84 years",2.5553,0.4259,1.7897,3.5376,36,1408829
"2017","85-89 years",1.7784,0.4446,1.0165,2.8880,16,899682
"2017","90+ years",2.8058,0.6805,1.6345,4.4923,17,605897
"2018","00 years",0.0000,~,0.0000,0.3592,0,1027082
"2018","01-04 years",0.0000,~,0.0000,0.0851,0,4334686
"2018","05-09 years",0.0000,~,0.0000,0.0668,0,5522380
"2018","10-14 years",0.0000,~,0.0000,0.0627,0,5880632
"2018","15-19 years",0.0000,~,0.0000,0.0641,0,5757836
"2018","20-24 years",0.0000,~,0.0000,0.0631,0,5848340
"2018","25-29 years",0.0000,~,0.0000,0.0577,0,6389475
"2018","30-34 years",0.0328,0.0232,0.0040,0.1184,2,6103565
"2018","35-39 years",0.0998,0.0408,0.0366,0.2173,6,6009166
"2018","40-44 years",0.1464,0.0518,0.0632,0.2885,8,5464261
"2018","45-49 years",0.2648,0.0684,0.1482,0.4367,15,5665067
"2018","50-54 years",0.5686,0.1005,0.3889,0.8027,32,5627831
"2018","55-59 years",0.6751,0.1081,0.4801,0.9229,39,5776523
"2018","60-64 years",0.7486,0.1199,0.5323,1.0234,39,5209701
"2018","65-69 years",1.1923,0.1670,0.8877,1.5676,51,4277574
"2018","70-74 years",1.5855,0.2199,1.1841,2.0792,52,3279661
"2018","75-79 years",1.2775,0.2414,0.8489,1.8463,28,2191823
"2018","80-84 years",2.1531,0.3867,1.4629,3.0561,31,1439815
"2018","85-89 years",2.7911,0.5582,1.8063,4.1202,25,895702
"2018","90+ years",2.1223,0.5886,1.1300,3.6291,13,612555
"2019","00 years",0.0000,~,0.0000,0.3662,0,1007455
"2019","01-04 years",0.0000,~,0.0000,0.0864,0,4271827
"2019","05-09 years",0.0000,~,0.0000,0.0669,0,5512619
"2019","10-14 years",0.0000,~,0.0000,0.0627,0,5879210
"2019","15-19 years",0.0000,~,0.0000,0.0640,0,5767408
"2019","20-24 years",0.0000,~,0.0000,0.0639,0,5775442
"2019","25-29 years",0.0629,0.0315,0.0171,0.1611,4,6356258
"2019","30-34 years",0.0323,0.0229,0.0039,0.1167,2,6188458
"2019","35-39 years",0.0494,0.0285,0.0102,0.1444,3,6073128
"2019","40-44 years",0.1448,0.0512,0.0625,0.2853,8,5525317
"2019","45-49 years",0.2150,0.0621,0.1111,0.3756,12,5580656
"2019","50-54 years",0.3785,0.0826,0.2343,0.5786,21,5547630
"2019","55-59 years",0.5367,0.0964,0.3647,0.7618,31,5775751
"2019","60-64 years",0.7207,0.1169,0.5100,0.9892,38,5272780
"2019","65-69 years",1.1890,0.1649,0.8880,1.5593,52,4373261
"2019","70-74 years",0.9039,0.1623,0.6141,1.2830,31,3429697
"2019","75-79 years",2.0606,0.3006,1.5141,2.7402,47,2280863
"2019","80-84 years",1.4892,0.3175,0.9333,2.2547,22,1477275
"2019","85-89 years",3.4587,0.6212,2.3500,4.9093,31,896296
"2019","90+ years",4.8791,0.8908,3.2919,6.9652,30,614866
"2020","00 years",0.0000,~,0.0000,0.3729,0,989223
"2020","01-04 years",0.0000,~,0.0000,0.0882,0,4183764
"2020","05-09 years",0.0000,~,0.0000,0.0671,0,5499106
"2020","10-14 years",0.0000,~,0.0000,0.0630,0,5857990
"2020","15-19 years",0.0000,~,0.0000,0.0641,0,5754042
"2020","20-24 years",0.0000,~,0.0000,0.0642,0,5741890
"2020","25-29 years",0.0000,~,0.0000,0.0591,0,6238134
"2020","30-34 years",0.0796,0.0356,0.0258,0.1857,5,6282848
"2020","35-39 years",0.1150,0.0435,0.0462,0.2370,7,6086430
"2020","40-44 years",0.1244,0.0470,0.0500,0.2563,7,5626613
"2020","45-49 years",0.1280,0.0484,0.0515,0.2637,7,5468680
"2020","50-54 years",0.3610,0.0807,0.2205,0.5575,20,5540218
"2020","55-59 years",0.7352,0.1134,0.5299,0.9938,42,5712565
"2020","60-64 years",0.7872,0.1215,0.5674,1.0641,42,5335130
"2020","65-69 years",1.0946,0.1564,0.8098,1.4472,49,4476416
"2020","70-74 years",1.2836,0.1893,0.9397,1.7121,46,3583710
"2020","75-79 years",1.9076,0.2844,1.3914,2.5525,45,2358970
"2020","80-84 years",2.1235,0.3754,1.4525,2.9977,32,1506951
"2020","85-89 years",2.7613,0.5523,1.7869,4.0762,25,905386
"2020","90+ years",2.7926,0.6773,1.6268,4.4712,17,608750
"2021","00 years",0.0000,~,0.0000,0.3891,0,948102
"2021","01-04 years",0.0000,~,0.0000,0.0906,0,4073733
"2021","05-09 years",0.0000,~,0.0000,0.0676,0,5456407
"2021","10-14 years",0.0000,~,0.0000,0.0638,0,5780621
"2021","15-19 years",0.0000,~,0.0000,0.0648,0,5694135
"2021","20-24 years",0.0000,~,0.0000,0.0649,0,5682046
"2021","25-29 years",0.0329,0.0233,0.0040,0.1188,2,6082502
"2021","30-34 years",0.1105,0.0418,0.0444,0.2277,7,6333329
"2021","35-39 years",0.0986,0.0403,0.0362,0.2146,6,6084521
"2021","40-44 years",0.2272,0.0630,0.1210,0.3886,13,5721300
"2021","45-49 years",0.2249,0.0649,0.1162,0.3929,12,5334545
"2021","50-54 years",0.3959,0.0844,0.2481,0.5994,22,5556731
"2021","55-59 years",0.4469,0.0894,0.2892,0.6598,25,5593595
"2021","60-64 years",0.9502,0.1330,0.7075,1.2493,51,5367492
"2021","65-69 years",1.0733,0.1533,0.7940,1.4190,49,4565335
"2021","70-74 years",1.2574,0.1834,0.9239,1.6721,47,3737781
"2021","75-79 years",1.9369,0.2825,1.4232,2.5757,47,2426497
"2021","80-84 years",2.9208,0.4354,2.1304,3.9082,45,1540691
"2021","85-89 years",3.5009,0.6189,2.3946,4.9422,32,914049
"2021","90+ years",5.5146,0.9600,3.7960,7.7446,33,598408
"2022","00 years",0.0000,~,0.0000,0.3776,0,977010
"2022","01-04 years",0.0000,~,0.0000,0.0929,0,3971856
"2022","05-09 years",0.0000,~,0.0000,0.0681,0,5419401
"2022","10-14 years",0.0000,~,0.0000,0.0650,0,5679002
"2022","15-19 years",0.0000,~,0.0000,0.0635,0,5813090
"2022","20-24 years",0.0000,~,0.0000,0.0644,0,5729176
"2022","25-29 years",0.0000,~,0.0000,0.0615,0,5998404
"2022","30-34 years",0.0469,0.0270,0.0097,0.1369,3,6403269
"2022","35-39 years",0.0164,0.0164,0.0004,0.0916,1,6085031
"2022","40-44 years",0.1892,0.0570,0.0944,0.3385,11,5814790
"2022","45-49 years",0.3206,0.0778,0.1867,0.5133,17,5302917
"2022","50-54 years",0.3436,0.0788,0.2069,0.5366,19,5529381
"2022","55-59 years",0.5309,0.0986,0.3556,0.7625,29,5462308
"2022","60-64 years",0.7453,0.1178,0.5325,1.0149,40,5366866
"2022","65-69 years",0.9023,0.1392,0.6503,1.2197,42,4654533
"2022","70-74 years",1.3129,0.1876,0.9713,1.7357,49,3732300
"2022","75-79 years",1.3940,0.2292,0.9815,1.9215,37,2654198
"2022","80-84 years",2.1861,0.3695,1.5227,3.0403,35,1601019
"2022","85-89 years",2.2801,0.4976,1.4114,3.4854,21,921012
"2022","90+ years",5.4752,0.9531,3.7689,7.6892,33,602716
"2023","00 years",0.0000,~,0.0000,0.3832,0,962527
"2023","01-04 years",0.0000,~,0.0000,0.0936,0,3941681
"2023","05-09 years",0.0000,~,0.0000,0.0686,0,5377051
"2023","10-14 years",0.0000,~,0.0000,0.0660,0,5587392
"2023","15-19 years",0.0000,~,0.0000,0.0626,0,5893775
"2023","20-24 years",0.0000,~,0.0000,0.0637,0,5790891
"2023","25-29 years",0.0168,0.0168,0.0004,0.0934,1,5965887
"2023","30-34 years",0.0155,0.0155,0.0004,0.0863,1,6452492
"2023","35-39 years",0.0490,0.0283,0.0101,0.1431,3,6127682
"2023","40-44 years",0.2028,0.0585,0.1048,0.3542,12,5917574
"2023","45-49 years",0.2622,0.0701,0.1433,0.4399,14,5339625
"2023","50-54 years",0.3472,0.0796,0.2090,0.5421,19,5473033
"2023","55-59 years",0.6346,0.1088,0.4395,0.8868,34,5357839
"2023","60-64 years",0.8194,0.1235,0.5954,1.1001,44,5369457
"2023","65-69 years",0.9271,0.1398,0.6736,1.2446,44,4745864
"2023","70-74 years",1.5492,0.2017,1.1793,1.9984,59,3808399
"2023","75-79 years",2.1516,0.2778,1.6419,2.7695,60,2788675
"2023","80-84 years",2.0573,0.3478,1.4330,2.8612,35,1701242
"2023","85-89 years",3.1707,0.5789,2.1392,4.5263,30,946168
"2023","90+ years",3.0959,0.7103,1.8639,4.8347,19,613712
