"Year of diagnosis","Age recode with <1 year olds and 90+","Age-Adjusted Rate","Count","Population"
"1975-2023","00 years",~,0,0
"1975-2023","01-04 years",~,0,0
"1975-2023","05-09 years",~,0,0
"1975-2023","10-14 years",~,0,0
"1975-2023","15-19 years",~,0,0
"1975-2023","20-24 years",0.0,19,80725621
"1975-2023","25-29 years",0.1,48,84794481
"1975-2023","30-34 years",0.1,90,85121608
"1975-2023","35-39 years",0.2,184,80894511
"1975-2023","40-44 years",0.3,247,75530380
"1975-2023","45-49 years",0.5,363,69834543
"1975-2023","50-54 years",0.8,502,65083963
"1975-2023","55-59 years",1.0,567,58847785
"1975-2023","60-64 years",1.1,584,51043113
"1975-2023","65-69 years",1.4,585,42485368
"1975-2023","70-74 years",1.6,532,33552565
"1975-2023","75-79 years",1.6,405,25167221
"1975-2023","80-84 years",1.6,285,17348148
"1975-2023","85-89 years",~,0,0
"1975-2023","90+ years",~,0,0
"1975-2023","Unknown",~,0,0
"1975","00 years",~,0,0
"1975","01-04 years",~,0,0
"1975","05-09 years",~,0,0
"1975","10-14 years",~,0,0
"1975","15-19 years",~,0,0
"1975","20-24 years",0.0,0,1492496
"1975","25-29 years",0.0,0,1399469
"1975","30-34 years",0.0,0,1149120
"1975","35-39 years",0.1,1,915080
"1975","40-44 years",0.1,1,856795
"1975","45-49 years",0.1,1,889398
"1975","50-54 years",0.6,5,907621
"1975","55-59 years",0.3,2,795794
"1975","60-64 years",1.2,8,675847
"1975","65-69 years",0.7,4,550817
"1975","70-74 years",0.5,2,414765
"1975","75-79 years",0.3,1,299679
"1975","80-84 years",1.5,3,202376
"1975","85-89 years",~,0,0
"1975","90+ years",~,0,0
"1975","Unknown",~,0,0
"1976","00 years",~,0,0
"1976","01-04 years",~,0,0
"1976","05-09 years",~,0,0
"1976","10-14 years",~,0,0
"1976","15-19 years",~,0,0
"1976","20-24 years",0.1,1,1531844
"1976","25-29 years",0.0,0,1480579
"1976","30-34 years",0.0,0,1178165
"1976","35-39 years",0.0,0,945016
"1976","40-44 years",0.1,1,857843
"1976","45-49 years",0.1,1,880696
"1976","50-54 years",0.1,1,905494
"1976","55-59 years",0.4,3,811406
"1976","60-64 years",0.6,4,689528
"1976","65-69 years",1.1,6,565898
"1976","70-74 years",1.2,5,428022
"1976","75-79 years",1.0,3,302710
"1976","80-84 years",2.0,4,204713
"1976","85-89 years",~,0,0
"1976","90+ years",~,0,0
"1976","Unknown",~,0,0
"1977","00 years",~,0,0
"1977","01-04 years",~,0,0
"1977","05-09 years",~,0,0
"1977","10-14 years",~,0,0
"1977","15-19 years",~,0,0
"1977","20-24 years",0.0,0,1574631
"1977","25-29 years",0.0,0,1480798
"1977","30-34 years",0.0,0,1282465
"1977","35-39 years",0.4,4,984281
"1977","40-44 years",0.2,2,863835
"1977","45-49 years",0.3,3,870198
"1977","50-54 years",0.1,1,895405
"1977","55-59 years",0.6,5,826615
"1977","60-64 years",0.3,2,702722
"1977","65-69 years",0.5,3,580946
"1977","70-74 years",0.5,2,439466
"1977","75-79 years",1.3,4,309805
"1977","80-84 years",0.5,1,208524
"1977","85-89 years",~,0,0
"1977","90+ years",~,0,0
"1977","Unknown",~,0,0
"1978","00 years",~,0,0
"1978","01-04 years",~,0,0
"1978","05-09 years",~,0,0
"1978","10-14 years",~,0,0
"1978","15-19 years",~,0,0
"1978","20-24 years",0.0,0,1611016
"1978","25-29 years",0.0,0,1514139
"1978","30-34 years",0.0,0,1332713
"1978","35-39 years",0.1,1,1048959
"1978","40-44 years",0.1,1,876754
"1978","45-49 years",0.3,3,860392
"1978","50-54 years",0.3,3,888870
"1978","55-59 years",0.7,6,842373
"1978","60-64 years",0.1,1,716420
"1978","65-69 years",0.7,4,594536
"1978","70-74 years",0.7,3,452522
"1978","75-79 years",0.6,2,318843
"1978","80-84 years",0.9,2,211624
"1978","85-89 years",~,0,0
"1978","90+ years",~,0,0
"1978","Unknown",~,0,0
"1979","00 years",~,0,0
"1979","01-04 years",~,0,0
"1979","05-09 years",~,0,0
"1979","10-14 years",~,0,0
"1979","15-19 years",~,0,0
"1979","20-24 years",0.1,1,1642670
"1979","25-29 years",0.0,0,1555980
"1979","30-34 years",0.1,2,1399732
"1979","35-39 years",0.1,1,1098777
"1979","40-44 years",0.1,1,895918
"1979","45-49 years",0.4,3,851438
"1979","50-54 years",0.3,3,880330
"1979","55-59 years",0.5,4,859512
"1979","60-64 years",0.5,4,731333
"1979","65-69 years",0.7,4,611128
"1979","70-74 years",1.5,7,463684
"1979","75-79 years",0.9,3,330311
"1979","80-84 years",0.5,1,213194
"1979","85-89 years",~,0,0
"1979","90+ years",~,0,0
"1979","Unknown",~,0,0
"1980","00 years",~,0,0
"1980","01-04 years",~,0,0
"1980","05-09 years",~,0,0
"1980","10-14 years",~,0,0
"1980","15-19 years",~,0,0
"1980","20-24 years",0.0,0,1666635
"1980","25-29 years",0.1,1,1609173
"1980","30-34 years",0.0,0,1470495
"1980","35-39 years",0.0,0,1145684
"1980","40-44 years",0.1,1,917395
"1980","45-49 years",0.0,0,842108
"1980","50-54 years",0.5,4,878496
"1980","55-59 years",0.5,4,872854
"1980","60-64 years",0.0,0,748050
"1980","65-69 years",1.3,8,625471
"1980","70-74 years",0.6,3,476612
"1980","75-79 years",0.6,2,339835
"1980","80-84 years",0.5,1,217094
"1980","85-89 years",~,0,0
"1980","90+ years",~,0,0
"1980","Unknown",~,0,0
"1981","00 years",~,0,0
"1981","01-04 years",~,0,0
"1981","05-09 years",~,0,0
"1981","10-14 years",~,0,0
"1981","15-19 years",~,0,0
"1981","20-24 years",0.0,0,1677448
"1981","25-29 years",0.1,1,1651964
"1981","30-34 years",0.0,0,1550730
"1981","35-39 years",0.1,1,1174960
"1981","40-44 years",0.0,0,947010
"1981","45-49 years",0.0,0,841192
"1981","50-54 years",0.3,3,874147
"1981","55-59 years",0.3,3,866822
"1981","60-64 years",0.7,5,766009
"1981","65-69 years",0.2,1,636810
"1981","70-74 years",1.4,7,490344
"1981","75-79 years",1.4,5,349796
"1981","80-84 years",0.5,1,221654
"1981","85-89 years",~,0,0
"1981","90+ years",~,0,0
"1981","Unknown",~,0,0
"1982","00 years",~,0,0
"1982","01-04 years",~,0,0
"1982","05-09 years",~,0,0
"1982","10-14 years",~,0,0
"1982","15-19 years",~,0,0
"1982","20-24 years",0.0,0,1667741
"1982","25-29 years",0.0,0,1695058
"1982","30-34 years",0.1,2,1548753
"1982","35-39 years",0.3,4,1275149
"1982","40-44 years",0.1,1,985316
"1982","45-49 years",0.4,3,845994
"1982","50-54 years",0.2,2,862329
"1982","55-59 years",0.7,6,855529
"1982","60-64 years",0.6,5,779654
"1982","65-69 years",0.6,4,648975
"1982","70-74 years",0.8,4,503967
"1982","75-79 years",0.6,2,359516
"1982","80-84 years",0.9,2,227144
"1982","85-89 years",~,0,0
"1982","90+ years",~,0,0
"1982","Unknown",~,0,0
"1983","00 years",~,0,0
"1983","01-04 years",~,0,0
"1983","05-09 years",~,0,0
"1983","10-14 years",~,0,0
"1983","15-19 years",~,0,0
"1983","20-24 years",0.0,0,1661721
"1983","25-29 years",0.0,0,1728285
"1983","30-34 years",0.1,1,1580284
"1983","35-39 years",0.1,1,1324265
"1983","40-44 years",0.1,1,1047609
"1983","45-49 years",0.2,2,865483
"1983","50-54 years",0.6,5,844933
"1983","55-59 years",0.5,4,852943
"1983","60-64 years",0.3,2,784542
"1983","65-69 years",1.2,8,662016
"1983","70-74 years",1.0,5,518114
"1983","75-79 years",0.5,2,370511
"1983","80-84 years",0.0,0,232939
"1983","85-89 years",~,0,0
"1983","90+ years",~,0,0
"1983","Unknown",~,0,0
"1984","00 years",~,0,0
"1984","01-04 years",~,0,0
"1984","05-09 years",~,0,0
"1984","10-14 years",~,0,0
"1984","15-19 years",~,0,0
"1984","20-24 years",0.0,0,1654466
"1984","25-29 years",0.1,1,1750870
"1984","30-34 years",0.4,6,1619445
"1984","35-39 years",0.1,1,1387757
"1984","40-44 years",0.1,1,1097939
"1984","45-49 years",0.3,3,888879
"1984","50-54 years",0.1,1,832661
"1984","55-59 years",0.2,2,844867
"1984","60-64 years",0.6,5,794129
"1984","65-69 years",0.4,3,672949
"1984","70-74 years",0.8,4,529577
"1984","75-79 years",0.5,2,381068
"1984","80-84 years",1.7,4,239646
"1984","85-89 years",~,0,0
"1984","90+ years",~,0,0
"1984","Unknown",~,0,0
"1985","00 years",~,0,0
"1985","01-04 years",~,0,0
"1985","05-09 years",~,0,0
"1985","10-14 years",~,0,0
"1985","15-19 years",~,0,0
"1985","20-24 years",0.0,0,1637415
"1985","25-29 years",0.1,1,1762683
"1985","30-34 years",0.0,0,1663956
"1985","35-39 years",0.1,2,1450899
"1985","40-44 years",0.3,3,1146031
"1985","45-49 years",0.1,1,908430
"1985","50-54 years",0.5,4,827439
"1985","55-59 years",0.5,4,836044
"1985","60-64 years",0.1,1,801497
"1985","65-69 years",0.6,4,684585
"1985","70-74 years",0.7,4,540430
"1985","75-79 years",1.0,4,392553
"1985","80-84 years",2.0,5,246553
"1985","85-89 years",~,0,0
"1985","90+ years",~,0,0
"1985","Unknown",~,0,0
"1986","00 years",~,0,0
"1986","01-04 years",~,0,0
"1986","05-09 years",~,0,0
"1986","10-14 years",~,0,0
"1986","15-19 years",~,0,0
"1986","20-24 years",0.0,0,1601473
"1986","25-29 years",0.0,0,1773800
"1986","30-34 years",0.1,1,1702426
"1986","35-39 years",0.1,1,1535389
"1986","40-44 years",0.3,3,1181501
"1986","45-49 years",0.2,2,934947
"1986","50-54 years",0.2,2,823266
"1986","55-59 years",0.2,2,829748
"1986","60-64 years",0.5,4,796086
"1986","65-69 years",0.6,4,701151
"1986","70-74 years",1.1,6,548077
"1986","75-79 years",0.5,2,403739
"1986","80-84 years",2.0,5,254559
"1986","85-89 years",~,0,0
"1986","90+ years",~,0,0
"1986","Unknown",~,0,0
"1987","00 years",~,0,0
"1987","01-04 years",~,0,0
"1987","05-09 years",~,0,0
"1987","10-14 years",~,0,0
"1987","15-19 years",~,0,0
"1987","20-24 years",0.1,1,1561982
"1987","25-29 years",0.1,1,1767108
"1987","30-34 years",0.1,1,1743588
"1987","35-39 years",0.1,1,1541250
"1987","40-44 years",0.2,3,1289495
"1987","45-49 years",0.4,4,973267
"1987","50-54 years",0.1,1,827790
"1987","55-59 years",0.5,4,819915
"1987","60-64 years",0.9,7,789099
"1987","65-69 years",0.7,5,715192
"1987","70-74 years",1.3,7,557361
"1987","75-79 years",0.7,3,416403
"1987","80-84 years",1.1,3,262068
"1987","85-89 years",~,0,0
"1987","90+ years",~,0,0
"1987","Unknown",~,0,0
"1988","00 years",~,0,0
"1988","01-04 years",~,0,0
"1988","05-09 years",~,0,0
"1988","10-14 years",~,0,0
"1988","15-19 years",~,0,0
"1988","20-24 years",0.0,0,1525680
"1988","25-29 years",0.0,0,1763191
"1988","30-34 years",0.1,2,1774278
"1988","35-39 years",0.1,2,1579864
"1988","40-44 years",0.0,0,1347999
"1988","45-49 years",0.1,1,1035181
"1988","50-54 years",0.6,5,847794
"1988","55-59 years",0.4,3,804691
"1988","60-64 years",0.1,1,790746
"1988","65-69 years",0.3,2,721536
"1988","70-74 years",0.7,4,568886
"1988","75-79 years",0.9,4,426949
"1988","80-84 years",1.5,4,270630
"1988","85-89 years",~,0,0
"1988","90+ years",~,0,0
"1988","Unknown",~,0,0
"1989","00 years",~,0,0
"1989","01-04 years",~,0,0
"1989","05-09 years",~,0,0
"1989","10-14 years",~,0,0
"1989","15-19 years",~,0,0
"1989","20-24 years",0.1,1,1500333
"1989","25-29 years",0.0,0,1752163
"1989","30-34 years",0.0,0,1788515
"1989","35-39 years",0.2,4,1621943
"1989","40-44 years",0.1,2,1416360
"1989","45-49 years",0.3,3,1082982
"1989","50-54 years",0.6,5,868594
"1989","55-59 years",0.6,5,792438
"1989","60-64 years",0.3,2,786320
"1989","65-69 years",1.0,7,731313
"1989","70-74 years",1.0,6,577972
"1989","75-79 years",2.7,12,437186
"1989","80-84 years",1.4,4,279170
"1989","85-89 years",~,0,0
"1989","90+ years",~,0,0
"1989","Unknown",~,0,0
"1990","00 years",~,0,0
"1990","01-04 years",~,0,0
"1990","05-09 years",~,0,0
"1990","10-14 years",~,0,0
"1990","15-19 years",~,0,0
"1990","20-24 years",0.0,0,1495791
"1990","25-29 years",0.0,0,1736464
"1990","30-34 years",0.0,0,1803629
"1990","35-39 years",0.1,2,1669135
"1990","40-44 years",0.1,2,1489472
"1990","45-49 years",0.0,0,1125706
"1990","50-54 years",0.1,1,885562
"1990","55-59 years",0.5,4,789940
"1990","60-64 years",0.8,6,781259
"1990","65-69 years",0.5,4,739062
"1990","70-74 years",0.5,3,589500
"1990","75-79 years",1.1,5,447646
"1990","80-84 years",1.0,3,287991
"1990","85-89 years",~,0,0
"1990","90+ years",~,0,0
"1990","Unknown",~,0,0
"1991","00 years",~,0,0
"1991","01-04 years",~,0,0
"1991","05-09 years",~,0,0
"1991","10-14 years",~,0,0
"1991","15-19 years",~,0,0
"1991","20-24 years",0.0,0,1494565
"1991","25-29 years",0.0,0,1715750
"1991","30-34 years",0.1,2,1839833
"1991","35-39 years",0.2,4,1720941
"1991","40-44 years",0.2,3,1569439
"1991","45-49 years",0.3,4,1156126
"1991","50-54 years",0.3,3,915604
"1991","55-59 years",0.5,4,790567
"1991","60-64 years",1.2,9,781849
"1991","65-69 years",1.4,10,733756
"1991","70-74 years",1.7,10,605651
"1991","75-79 years",1.3,6,460758
"1991","80-84 years",0.3,1,297057
"1991","85-89 years",~,0,0
"1991","90+ years",~,0,0
"1991","Unknown",~,0,0
"1992","00 years",~,0,0
"1992","01-04 years",~,0,0
"1992","05-09 years",~,0,0
"1992","10-14 years",~,0,0
"1992","15-19 years",~,0,0
"1992","20-24 years",0.1,2,1490389
"1992","25-29 years",0.0,0,1689712
"1992","30-34 years",0.2,3,1865033
"1992","35-39 years",0.3,6,1773947
"1992","40-44 years",0.3,4,1575606
"1992","45-49 years",0.3,4,1268299
"1992","50-54 years",0.3,3,956989
"1992","55-59 years",1.2,10,800947
"1992","60-64 years",0.6,5,776225
"1992","65-69 years",1.1,8,728457
"1992","70-74 years",0.6,4,622764
"1992","75-79 years",0.6,3,471753
"1992","80-84 years",1.6,5,308069
"1992","85-89 years",~,0,0
"1992","90+ years",~,0,0
"1992","Unknown",~,0,0
"1993","00 years",~,0,0
"1993","01-04 years",~,0,0
"1993","05-09 years",~,0,0
"1993","10-14 years",~,0,0
"1993","15-19 years",~,0,0
"1993","20-24 years",0.0,0,1478062
"1993","25-29 years",0.1,2,1660521
"1993","30-34 years",0.2,4,1878647
"1993","35-39 years",0.3,6,1815645
"1993","40-44 years",0.1,1,1609583
"1993","45-49 years",0.3,4,1321506
"1993","50-54 years",0.4,4,1020475
"1993","55-59 years",0.7,6,820810
"1993","60-64 years",1.2,9,764792
"1993","65-69 years",0.8,6,730378
"1993","70-74 years",1.1,7,633489
"1993","75-79 years",0.8,4,481831
"1993","80-84 years",1.3,4,318329
"1993","85-89 years",~,0,0
"1993","90+ years",~,0,0
"1993","Unknown",~,0,0
"1994","00 years",~,0,0
"1994","01-04 years",~,0,0
"1994","05-09 years",~,0,0
"1994","10-14 years",~,0,0
"1994","15-19 years",~,0,0
"1994","20-24 years",0.0,0,1460910
"1994","25-29 years",0.0,0,1638127
"1994","30-34 years",0.1,1,1884927
"1994","35-39 years",0.1,2,1846357
"1994","40-44 years",0.3,5,1650634
"1994","45-49 years",0.4,5,1386119
"1994","50-54 years",0.4,4,1069422
"1994","55-59 years",0.9,8,844356
"1994","60-64 years",0.5,4,755795
"1994","65-69 years",1.1,8,727637
"1994","70-74 years",0.9,6,641663
"1994","75-79 years",1.0,5,492736
"1994","80-84 years",0.6,2,328332
"1994","85-89 years",~,0,0
"1994","90+ years",~,0,0
"1994","Unknown",~,0,0
"1995","00 years",~,0,0
"1995","01-04 years",~,0,0
"1995","05-09 years",~,0,0
"1995","10-14 years",~,0,0
"1995","15-19 years",~,0,0
"1995","20-24 years",0.0,0,1447259
"1995","25-29 years",0.1,1,1635928
"1995","30-34 years",0.1,1,1872806
"1995","35-39 years",0.1,2,1873590
"1995","40-44 years",0.2,4,1692310
"1995","45-49 years",0.5,7,1454179
"1995","50-54 years",0.5,6,1117439
"1995","55-59 years",0.6,5,861210
"1995","60-64 years",0.4,3,756040
"1995","65-69 years",0.7,5,724999
"1995","70-74 years",1.5,10,648108
"1995","75-79 years",1.2,6,503605
"1995","80-84 years",1.8,6,339163
"1995","85-89 years",~,0,0
"1995","90+ years",~,0,0
"1995","Unknown",~,0,0
"1996","00 years",~,0,0
"1996","01-04 years",~,0,0
"1996","05-09 years",~,0,0
"1996","10-14 years",~,0,0
"1996","15-19 years",~,0,0
"1996","20-24 years",0.1,1,1429370
"1996","25-29 years",0.0,0,1650847
"1996","30-34 years",0.1,2,1844000
"1996","35-39 years",0.2,3,1895472
"1996","40-44 years",0.3,6,1733772
"1996","45-49 years",0.3,5,1534518
"1996","50-54 years",0.3,3,1151622
"1996","55-59 years",0.5,4,887875
"1996","60-64 years",0.5,4,754358
"1996","65-69 years",0.3,2,724497
"1996","70-74 years",0.8,5,644403
"1996","75-79 years",1.3,7,518690
"1996","80-84 years",0.3,1,349228
"1996","85-89 years",~,0,0
"1996","90+ years",~,0,0
"1996","Unknown",~,0,0
"1997","00 years",~,0,0
"1997","01-04 years",~,0,0
"1997","05-09 years",~,0,0
"1997","10-14 years",~,0,0
"1997","15-19 years",~,0,0
"1997","20-24 years",0.0,0,1448137
"1997","25-29 years",0.0,0,1658614
"1997","30-34 years",0.1,1,1810916
"1997","35-39 years",0.0,0,1906716
"1997","40-44 years",0.3,5,1776991
"1997","45-49 years",0.3,5,1545822
"1997","50-54 years",0.2,3,1266347
"1997","55-59 years",0.4,4,925373
"1997","60-64 years",1.0,8,762313
"1997","65-69 years",0.8,6,715897
"1997","70-74 years",1.7,11,640198
"1997","75-79 years",1.3,7,533380
"1997","80-84 years",1.1,4,357509
"1997","85-89 years",~,0,0
"1997","90+ years",~,0,0
"1997","Unknown",~,0,0
"1998","00 years",~,0,0
"1998","01-04 years",~,0,0
"1998","05-09 years",~,0,0
"1998","10-14 years",~,0,0
"1998","15-19 years",~,0,0
"1998","20-24 years",0.0,0,1479489
"1998","25-29 years",0.1,1,1658428
"1998","30-34 years",0.1,1,1775976
"1998","35-39 years",0.2,3,1908809
"1998","40-44 years",0.4,8,1810624
"1998","45-49 years",0.4,6,1584952
"1998","50-54 years",0.7,9,1324838
"1998","55-59 years",0.4,4,984249
"1998","60-64 years",0.5,4,780495
"1998","65-69 years",1.3,9,702660
"1998","70-74 years",1.4,9,642340
"1998","75-79 years",1.1,6,542140
"1998","80-84 years",1.1,4,365908
"1998","85-89 years",~,0,0
"1998","90+ years",~,0,0
"1998","Unknown",~,0,0
"1999","00 years",~,0,0
"1999","01-04 years",~,0,0
"1999","05-09 years",~,0,0
"1999","10-14 years",~,0,0
"1999","15-19 years",~,0,0
"1999","20-24 years",0.0,0,1521085
"1999","25-29 years",0.1,1,1649551
"1999","30-34 years",0.0,0,1746026
"1999","35-39 years",0.1,2,1899883
"1999","40-44 years",0.2,4,1829451
"1999","45-49 years",0.7,12,1627720
"1999","50-54 years",0.8,11,1392045
"1999","55-59 years",0.6,6,1027694
"1999","60-64 years",0.9,7,799506
"1999","65-69 years",1.2,8,693380
"1999","70-74 years",1.6,10,642459
"1999","75-79 years",1.1,6,549979
"1999","80-84 years",2.1,8,374273
"1999","85-89 years",~,0,0
"1999","90+ years",~,0,0
"1999","Unknown",~,0,0
"2000","00 years",~,0,0
"2000","01-04 years",~,0,0
"2000","05-09 years",~,0,0
"2000","10-14 years",~,0,0
"2000","15-19 years",~,0,0
"2000","20-24 years",0.0,0,1570416
"2000","25-29 years",0.1,1,1639888
"2000","30-34 years",0.1,2,1740257
"2000","35-39 years",0.1,1,1878822
"2000","40-44 years",0.2,4,1849205
"2000","45-49 years",0.4,6,1671514
"2000","50-54 years",0.7,10,1462565
"2000","55-59 years",0.8,9,1069730
"2000","60-64 years",1.0,8,812409
"2000","65-69 years",0.9,6,692335
"2000","70-74 years",1.2,8,642230
"2000","75-79 years",0.9,5,556542
"2000","80-84 years",0.8,3,383164
"2000","85-89 years",~,0,0
"2000","90+ years",~,0,0
"2000","Unknown",~,0,0
"2001","00 years",~,0,0
"2001","01-04 years",~,0,0
"2001","05-09 years",~,0,0
"2001","10-14 years",~,0,0
"2001","15-19 years",~,0,0
"2001","20-24 years",0.1,1,1618777
"2001","25-29 years",0.0,0,1608981
"2001","30-34 years",0.1,2,1759619
"2001","35-39 years",0.0,0,1842827
"2001","40-44 years",0.2,4,1868565
"2001","45-49 years",0.6,11,1706541
"2001","50-54 years",0.8,12,1532961
"2001","55-59 years",0.5,5,1109737
"2001","60-64 years",1.2,10,835608
"2001","65-69 years",0.9,6,692831
"2001","70-74 years",1.9,12,638449
"2001","75-79 years",1.1,6,556343
"2001","80-84 years",1.5,6,395814
"2001","85-89 years",~,0,0
"2001","90+ years",~,0,0
"2001","Unknown",~,0,0
"2002","00 years",~,0,0
"2002","01-04 years",~,0,0
"2002","05-09 years",~,0,0
"2002","10-14 years",~,0,0
"2002","15-19 years",~,0,0
"2002","20-24 years",0.0,0,1651070
"2002","25-29 years",0.0,0,1591049
"2002","30-34 years",0.1,1,1757105
"2002","35-39 years",0.3,6,1794410
"2002","40-44 years",0.4,8,1870032
"2002","45-49 years",0.4,7,1742093
"2002","50-54 years",0.7,10,1535856
"2002","55-59 years",1.1,13,1210007
"2002","60-64 years",1.0,9,869215
"2002","65-69 years",1.3,9,699130
"2002","70-74 years",1.4,9,632579
"2002","75-79 years",1.8,10,554726
"2002","80-84 years",1.7,7,408184
"2002","85-89 years",~,0,0
"2002","90+ years",~,0,0
"2002","Unknown",~,0,0
"2003","00 years",~,0,0
"2003","01-04 years",~,0,0
"2003","05-09 years",~,0,0
"2003","10-14 years",~,0,0
"2003","15-19 years",~,0,0
"2003","20-24 years",0.0,0,1672196
"2003","25-29 years",0.0,0,1588473
"2003","30-34 years",0.1,1,1731476
"2003","35-39 years",0.4,7,1750764
"2003","40-44 years",0.2,4,1865490
"2003","45-49 years",0.6,10,1769185
"2003","50-54 years",0.6,9,1562467
"2003","55-59 years",1.2,15,1268509
"2003","60-64 years",0.4,4,921325
"2003","65-69 years",0.7,5,714522
"2003","70-74 years",0.5,3,627147
"2003","75-79 years",2.2,12,554035
"2003","80-84 years",1.9,8,416201
"2003","85-89 years",~,0,0
"2003","90+ years",~,0,0
"2003","Unknown",~,0,0
"2004","00 years",~,0,0
"2004","01-04 years",~,0,0
"2004","05-09 years",~,0,0
"2004","10-14 years",~,0,0
"2004","15-19 years",~,0,0
"2004","20-24 years",0.0,0,1683828
"2004","25-29 years",0.0,0,1605338
"2004","30-34 years",0.1,2,1699226
"2004","35-39 years",0.3,5,1719749
"2004","40-44 years",0.2,4,1864771
"2004","45-49 years",0.3,6,1787676
"2004","50-54 years",0.4,7,1596970
"2004","55-59 years",1.4,19,1332666
"2004","60-64 years",1.3,13,967458
"2004","65-69 years",1.4,10,733027
"2004","70-74 years",1.4,9,621934
"2004","75-79 years",1.3,7,549672
"2004","80-84 years",0.9,4,425443
"2004","85-89 years",~,0,0
"2004","90+ years",~,0,0
"2004","Unknown",~,0,0
"2005","00 years",~,0,0
"2005","01-04 years",~,0,0
"2005","05-09 years",~,0,0
"2005","10-14 years",~,0,0
"2005","15-19 years",~,0,0
"2005","20-24 years",0.0,0,1690506
"2005","25-29 years",0.1,1,1636555
"2005","30-34 years",0.1,1,1661127
"2005","35-39 years",0.2,4,1724156
"2005","40-44 years",0.6,11,1844841
"2005","45-49 years",0.8,14,1811396
"2005","50-54 years",0.8,13,1631972
"2005","55-59 years",0.9,13,1407618
"2005","60-64 years",0.5,5,1008043
"2005","65-69 years",1.6,12,753356
"2005","70-74 years",1.4,9,623996
"2005","75-79 years",1.1,6,548125
"2005","80-84 years",1.4,6,432252
"2005","85-89 years",~,0,0
"2005","90+ years",~,0,0
"2005","Unknown",~,0,0
"2006","00 years",~,0,0
"2006","01-04 years",~,0,0
"2006","05-09 years",~,0,0
"2006","10-14 years",~,0,0
"2006","15-19 years",~,0,0
"2006","20-24 years",0.0,0,1701159
"2006","25-29 years",0.1,1,1696913
"2006","30-34 years",0.1,2,1635321
"2006","35-39 years",0.4,7,1745069
"2006","40-44 years",0.3,6,1815662
"2006","45-49 years",0.8,14,1833959
"2006","50-54 years",1.0,16,1671963
"2006","55-59 years",1.0,15,1479555
"2006","60-64 years",1.4,15,1050113
"2006","65-69 years",1.0,8,778056
"2006","70-74 years",1.4,9,627589
"2006","75-79 years",0.9,5,547291
"2006","80-84 years",1.2,5,434147
"2006","85-89 years",~,0,0
"2006","90+ years",~,0,0
"2006","Unknown",~,0,0
"2007","00 years",~,0,0
"2007","01-04 years",~,0,0
"2007","05-09 years",~,0,0
"2007","10-14 years",~,0,0
"2007","15-19 years",~,0,0
"2007","20-24 years",0.0,0,1695225
"2007","25-29 years",0.0,0,1744084
"2007","30-34 years",0.0,0,1635510
"2007","35-39 years",0.1,2,1753270
"2007","40-44 years",0.6,10,1781142
"2007","45-49 years",0.3,6,1842558
"2007","50-54 years",1.0,17,1715027
"2007","55-59 years",0.5,8,1489093
"2007","60-64 years",1.5,17,1149097
"2007","65-69 years",1.2,10,812058
"2007","70-74 years",1.1,7,634525
"2007","75-79 years",1.3,7,543949
"2007","80-84 years",0.9,4,435036
"2007","85-89 years",~,0,0
"2007","90+ years",~,0,0
"2007","Unknown",~,0,0
"2008","00 years",~,0,0
"2008","01-04 years",~,0,0
"2008","05-09 years",~,0,0
"2008","10-14 years",~,0,0
"2008","15-19 years",~,0,0
"2008","20-24 years",0.0,0,1705967
"2008","25-29 years",0.1,2,1789968
"2008","30-34 years",0.1,1,1661081
"2008","35-39 years",0.3,6,1747257
"2008","40-44 years",0.1,1,1752341
"2008","45-49 years",0.5,10,1846589
"2008","50-54 years",1.1,20,1750498
"2008","55-59 years",0.6,9,1522374
"2008","60-64 years",1.7,20,1208887
"2008","65-69 years",1.7,15,864552
"2008","70-74 years",2.3,15,649296
"2008","75-79 years",2.2,12,540245
"2008","80-84 years",2.3,10,435682
"2008","85-89 years",~,0,0
"2008","90+ years",~,0,0
"2008","Unknown",~,0,0
"2009","00 years",~,0,0
"2009","01-04 years",~,0,0
"2009","05-09 years",~,0,0
"2009","10-14 years",~,0,0
"2009","15-19 years",~,0,0
"2009","20-24 years",0.0,0,1721637
"2009","25-29 years",0.1,1,1814329
"2009","30-34 years",0.1,2,1699976
"2009","35-39 years",0.1,2,1728694
"2009","40-44 years",0.5,8,1731573
"2009","45-49 years",0.7,13,1852390
"2009","50-54 years",0.7,12,1776004
"2009","55-59 years",1.1,17,1563208
"2009","60-64 years",1.6,20,1276651
"2009","65-69 years",1.2,11,912212
"2009","70-74 years",1.6,11,668508
"2009","75-79 years",2.2,12,538674
"2009","80-84 years",1.6,7,435104
"2009","85-89 years",~,0,0
"2009","90+ years",~,0,0
"2009","Unknown",~,0,0
"2010","00 years",~,0,0
"2010","01-04 years",~,0,0
"2010","05-09 years",~,0,0
"2010","10-14 years",~,0,0
"2010","15-19 years",~,0,0
"2010","20-24 years",0.1,1,1734775
"2010","25-29 years",0.1,1,1814055
"2010","30-34 years",0.3,5,1740383
"2010","35-39 years",0.2,3,1698424
"2010","40-44 years",0.4,7,1739161
"2010","45-49 years",0.8,15,1836406
"2010","50-54 years",1.0,18,1803696
"2010","55-59 years",1.6,26,1604613
"2010","60-64 years",1.4,19,1352661
"2010","65-69 years",1.6,15,954639
"2010","70-74 years",1.9,13,687609
"2010","75-79 years",1.7,9,540342
"2010","80-84 years",1.1,5,434882
"2010","85-89 years",~,0,0
"2010","90+ years",~,0,0
"2010","Unknown",~,0,0
"2011","00 years",~,0,0
"2011","01-04 years",~,0,0
"2011","05-09 years",~,0,0
"2011","10-14 years",~,0,0
"2011","15-19 years",~,0,0
"2011","20-24 years",0.1,2,1769614
"2011","25-29 years",0.0,0,1819755
"2011","30-34 years",0.1,2,1786935
"2011","35-39 years",0.2,4,1675093
"2011","40-44 years",0.2,4,1763062
"2011","45-49 years",0.7,13,1806378
"2011","50-54 years",0.8,15,1825085
"2011","55-59 years",1.1,18,1648018
"2011","60-64 years",1.0,14,1423435
"2011","65-69 years",2.3,23,993740
"2011","70-74 years",1.3,9,710060
"2011","75-79 years",2.6,14,543470
"2011","80-84 years",1.6,7,434159
"2011","85-89 years",~,0,0
"2011","90+ years",~,0,0
"2011","Unknown",~,0,0
"2012","00 years",~,0,0
"2012","01-04 years",~,0,0
"2012","05-09 years",~,0,0
"2012","10-14 years",~,0,0
"2012","15-19 years",~,0,0
"2012","20-24 years",0.1,1,1808272
"2012","25-29 years",0.2,4,1818475
"2012","30-34 years",0.1,1,1830360
"2012","35-39 years",0.3,5,1684010
"2012","40-44 years",0.5,9,1772640
"2012","45-49 years",0.6,11,1776457
"2012","50-54 years",1.4,26,1833138
"2012","55-59 years",1.5,25,1690581
"2012","60-64 years",1.2,17,1434133
"2012","65-69 years",1.5,16,1087249
"2012","70-74 years",3.9,29,742164
"2012","75-79 years",2.0,11,549519
"2012","80-84 years",1.4,6,432041
"2012","85-89 years",~,0,0
"2012","90+ years",~,0,0
"2012","Unknown",~,0,0
"2013","00 years",~,0,0
"2013","01-04 years",~,0,0
"2013","05-09 years",~,0,0
"2013","10-14 years",~,0,0
"2013","15-19 years",~,0,0
"2013","20-24 years",0.0,0,1833297
"2013","25-29 years",0.1,1,1824957
"2013","30-34 years",0.2,3,1867532
"2013","35-39 years",0.3,5,1709643
"2013","40-44 years",0.5,9,1765095
"2013","45-49 years",0.7,13,1745816
"2013","50-54 years",0.9,17,1837268
"2013","55-59 years",1.5,26,1721745
"2013","60-64 years",1.9,28,1464350
"2013","65-69 years",2.4,27,1144371
"2013","70-74 years",3.3,26,789193
"2013","75-79 years",2.0,11,562213
"2013","80-84 years",2.6,11,428794
"2013","85-89 years",~,0,0
"2013","90+ years",~,0,0
"2013","Unknown",~,0,0
"2014","00 years",~,0,0
"2014","01-04 years",~,0,0
"2014","05-09 years",~,0,0
"2014","10-14 years",~,0,0
"2014","15-19 years",~,0,0
"2014","20-24 years",0.0,0,1847847
"2014","25-29 years",0.1,1,1852475
"2014","30-34 years",0.3,5,1896282
"2014","35-39 years",0.3,6,1746352
"2014","40-44 years",0.4,7,1744444
"2014","45-49 years",0.6,11,1729628
"2014","50-54 years",0.9,17,1838102
"2014","55-59 years",1.0,18,1744349
"2014","60-64 years",1.5,22,1500837
"2014","65-69 years",1.4,17,1204508
"2014","70-74 years",0.8,7,830341
"2014","75-79 years",2.6,15,578600
"2014","80-84 years",2.1,9,426154
"2014","85-89 years",~,0,0
"2014","90+ years",~,0,0
"2014","Unknown",~,0,0
"2015","00 years",~,0,0
"2015","01-04 years",~,0,0
"2015","05-09 years",~,0,0
"2015","10-14 years",~,0,0
"2015","15-19 years",~,0,0
"2015","20-24 years",0.1,2,1842700
"2015","25-29 years",0.1,2,1888633
"2015","30-34 years",0.2,3,1915652
"2015","35-39 years",0.2,3,1797572
"2015","40-44 years",0.6,10,1719111
"2015","45-49 years",0.6,10,1741024
"2015","50-54 years",0.8,14,1820381
"2015","55-59 years",1.2,22,1768025
"2015","60-64 years",1.8,28,1539719
"2015","65-69 years",1.4,18,1268034
"2015","70-74 years",2.0,17,867093
"2015","75-79 years",0.8,5,592677
"2015","80-84 years",1.9,8,426155
"2015","85-89 years",~,0,0
"2015","90+ years",~,0,0
"2015","Unknown",~,0,0
"2016","00 years",~,0,0
"2016","01-04 years",~,0,0
"2016","05-09 years",~,0,0
"2016","10-14 years",~,0,0
"2016","15-19 years",~,0,0
"2016","20-24 years",0.0,0,1829188
"2016","25-29 years",0.2,3,1941334
"2016","30-34 years",0.1,2,1938695
"2016","35-39 years",0.5,9,1852124
"2016","40-44 years",0.6,10,1697407
"2016","45-49 years",0.8,14,1763005
"2016","50-54 years",1.3,23,1788697
"2016","55-59 years",1.0,18,1786517
"2016","60-64 years",1.6,26,1577131
"2016","65-69 years",1.7,23,1329551
"2016","70-74 years",1.0,9,900700
"2016","75-79 years",1.6,10,611072
"2016","80-84 years",2.1,9,428970
"2016","85-89 years",~,0,0
"2016","90+ years",~,0,0
"2016","Unknown",~,0,0
"2017","00 years",~,0,0
"2017","01-04 years",~,0,0
"2017","05-09 years",~,0,0
"2017","10-14 years",~,0,0
"2017","15-19 years",~,0,0
"2017","20-24 years",0.0,0,1812277
"2017","25-29 years",0.0,0,1984935
"2017","30-34 years",0.2,3,1948530
"2017","35-39 years",0.4,7,1901038
"2017","40-44 years",0.3,5,1705379
"2017","45-49 years",0.9,16,1769801
"2017","50-54 years",1.0,18,1755265
"2017","55-59 years",1.1,20,1790514
"2017","60-64 years",1.6,26,1612065
"2017","65-69 years",1.9,26,1336332
"2017","70-74 years",2.5,25,981547
"2017","75-79 years",1.7,11,636930
"2017","80-84 years",3.2,14,433430
"2017","85-89 years",~,0,0
"2017","90+ years",~,0,0
"2017","Unknown",~,0,0
"2018","00 years",~,0,0
"2018","01-04 years",~,0,0
"2018","05-09 years",~,0,0
"2018","10-14 years",~,0,0
"2018","15-19 years",~,0,0
"2018","20-24 years",0.1,1,1798418
"2018","25-29 years",0.2,4,2005948
"2018","30-34 years",0.1,2,1963373
"2018","35-39 years",0.4,7,1942654
"2018","40-44 years",0.4,7,1727821
"2018","45-49 years",0.7,12,1761106
"2018","50-54 years",1.3,23,1724405
"2018","55-59 years",1.4,25,1792134
"2018","60-64 years",1.5,24,1635875
"2018","65-69 years",1.8,24,1361043
"2018","70-74 years",2.2,23,1030917
"2018","75-79 years",2.8,19,676520
"2018","80-84 years",1.6,7,443634
"2018","85-89 years",~,0,0
"2018","90+ years",~,0,0
"2018","Unknown",~,0,0
"2019","00 years",~,0,0
"2019","01-04 years",~,0,0
"2019","05-09 years",~,0,0
"2019","10-14 years",~,0,0
"2019","15-19 years",~,0,0
"2019","20-24 years",0.1,2,1790187
"2019","25-29 years",0.1,2,2007366
"2019","30-34 years",0.1,2,1990280
"2019","35-39 years",0.4,8,1968540
"2019","40-44 years",0.4,7,1760395
"2019","45-49 years",0.7,13,1737361
"2019","50-54 years",1.2,20,1705620
"2019","55-59 years",1.2,21,1788226
"2019","60-64 years",1.6,27,1651289
"2019","65-69 years",1.2,17,1390292
"2019","70-74 years",1.9,21,1081646
"2019","75-79 years",2.3,16,709395
"2019","80-84 years",1.8,8,456016
"2019","85-89 years",~,0,0
"2019","90+ years",~,0,0
"2019","Unknown",~,0,0
"2020","00 years",~,0,0
"2020","01-04 years",~,0,0
"2020","05-09 years",~,0,0
"2020","10-14 years",~,0,0
"2020","15-19 years",~,0,0
"2020","20-24 years",0.0,0,1784498
"2020","25-29 years",0.3,5,1980220
"2020","30-34 years",0.1,3,2017580
"2020","35-39 years",0.3,5,1977255
"2020","40-44 years",0.6,10,1803107
"2020","45-49 years",0.8,13,1706546
"2020","50-54 years",1.1,18,1710790
"2020","55-59 years",1.2,22,1765882
"2020","60-64 years",1.7,28,1667235
"2020","65-69 years",2.4,34,1421192
"2020","70-74 years",1.4,16,1135849
"2020","75-79 years",1.6,12,738379
"2020","80-84 years",2.8,13,466364
"2020","85-89 years",~,0,0
"2020","90+ years",~,0,0
"2020","Unknown",~,0,0
"2021","00 years",~,0,0
"2021","01-04 years",~,0,0
"2021","05-09 years",~,0,0
"2021","10-14 years",~,0,0
"2021","15-19 years",~,0,0
"2021","20-24 years",0.0,0,1780900
"2021","25-29 years",0.3,5,1928754
"2021","30-34 years",0.0,1,2020341
"2021","35-39 years",0.2,3,1970972
"2021","40-44 years",0.5,9,1838723
"2021","45-49 years",0.4,7,1668075
"2021","50-54 years",0.8,14,1721423
"2021","55-59 years",1.1,19,1723785
"2021","60-64 years",1.4,23,1675558
"2021","65-69 years",2.1,31,1449120
"2021","70-74 years",1.9,23,1192287
"2021","75-79 years",1.8,14,765416
"2021","80-84 years",2.1,10,480398
"2021","85-89 years",~,0,0
"2021","90+ years",~,0,0
"2021","Unknown",~,0,0
"2022","00 years",~,0,0
"2022","01-04 years",~,0,0
"2022","05-09 years",~,0,0
"2022","10-14 years",~,0,0
"2022","15-19 years",~,0,0
"2022","20-24 years",0.1,1,1800751
"2022","25-29 years",0.1,2,1915024
"2022","30-34 years",0.4,9,2047922
"2022","35-39 years",0.6,12,1967783
"2022","40-44 years",0.9,16,1874402
"2022","45-49 years",1.0,16,1665980
"2022","50-54 years",1.8,31,1716465
"2022","55-59 years",2.4,40,1680191
"2022","60-64 years",1.9,32,1673252
"2022","65-69 years",2.7,40,1472638
"2022","70-74 years",2.9,35,1195278
"2022","75-79 years",3.3,28,842561
"2022","80-84 years",3.6,18,502020
"2022","85-89 years",~,0,0
"2022","90+ years",~,0,0
"2022","Unknown",~,0,0
"2023","00 years",~,0,0
"2023","01-04 years",~,0,0
"2023","05-09 years",~,0,0
"2023","10-14 years",~,0,0
"2023","15-19 years",~,0,0
"2023","20-24 years",0.1,1,1829508
"2023","25-29 years",0.1,2,1917770
"2023","30-34 years",0.2,5,2070587
"2023","35-39 years",0.7,13,1978265
"2023","40-44 years",0.7,14,1910329
"2023","45-49 years",1.2,20,1687527
"2023","50-54 years",1.8,30,1701833
"2023","55-59 years",1.9,32,1646136
"2023","60-64 years",2.3,39,1672153
"2023","65-69 years",3.3,49,1496534
"2023","70-74 years",3.5,43,1221254
"2023","75-79 years",4.7,42,889103
"2023","80-84 years",4.1,22,536357
"2023","85-89 years",~,0,0
"2023","90+ years",~,0,0
"2023","Unknown",~,0,0
