outcome,AgeGroup,Stage,candidate_joinpoints,n_joinpoints,aic,bic,selected_by_bic,dispersion
Incidence,20-49,Distant,None,0,139.88569744366487,141.87716199077286,False,1.1222758441497767
Incidence,20-49,Distant,2008,1,136.6818135407347,139.6690103613967,False,1.0
Incidence,20-49,Distant,2009,1,135.15782310492855,138.14501992559053,False,1.0
Incidence,20-49,Distant,2010,1,135.02111650631107,138.00831332697305,True,1.0
Incidence,20-49,Distant,2011,1,135.62313456382353,138.6103313844855,False,1.0
Incidence,20-49,Distant,2012,1,136.3736543880236,139.36085120868557,False,1.0
Incidence,20-49,Distant,2013,1,137.53689189986275,140.52408872052473,False,1.0
Incidence,20-49,Distant,2014,1,138.83464414730858,141.82184096797056,False,1.0108535120498847
Incidence,20-49,Distant,2015,1,139.71361305899273,142.7008098796547,False,1.060771129967102
Incidence,20-49,Distant,2016,1,140.57204851340225,143.55924533406423,False,1.108506221763886
Incidence,20-49,Distant,2017,1,140.80544699546107,143.79264381612305,False,1.122136114842853
Incidence,20-49,Distant,2018,1,141.55009420040346,144.53729102106544,False,1.1670434215757068
Incidence,20-49,Distant,2019,1,141.85600341063164,144.84320023129362,False,1.1861156036268579
Incidence,20-49,Distant,2008;2012,2,137.92285580172273,141.9057848959387,False,1.0
Incidence,20-49,Distant,2008;2013,2,138.33353254335415,142.31646163757011,False,1.0
Incidence,20-49,Distant,2008;2014,2,138.61362887911122,142.59655797332718,False,1.0
Incidence,20-49,Distant,2008;2015,2,138.67816366569016,142.66109275990613,False,1.0
Incidence,20-49,Distant,2008;2016,2,138.64642514994534,142.6293542441613,False,1.0
Incidence,20-49,Distant,2008;2017,2,138.65646716734582,142.63939626156179,False,1.0
Incidence,20-49,Distant,2008;2018,2,138.39742253806588,142.38035163228184,False,1.0
Incidence,20-49,Distant,2008;2019,2,137.99945765835568,141.98238675257164,False,1.0
Incidence,20-49,Distant,2009;2013,2,137.15240638929242,141.13533548350838,False,1.0
Incidence,20-49,Distant,2009;2014,2,137.03439273650096,141.01732183071692,False,1.0
Incidence,20-49,Distant,2009;2015,2,136.91990283407304,140.902831928289,False,1.0
Incidence,20-49,Distant,2009;2016,2,136.69341852602707,140.67634762024304,False,1.0
Incidence,20-49,Distant,2009;2017,2,136.81677424857088,140.79970334278684,False,1.0
Incidence,20-49,Distant,2009;2018,2,136.31950888635265,140.3024379805686,False,1.0
Incidence,20-49,Distant,2009;2019,2,135.8125344965739,139.79546359078986,False,1.0
Incidence,20-49,Distant,2010;2014,2,136.40178918466657,140.38471827888253,False,1.0
Incidence,20-49,Distant,2010;2015,2,136.25837814758904,140.241307241805,False,1.0
Incidence,20-49,Distant,2010;2016,2,135.96441059054288,139.94733968475884,False,1.0
Incidence,20-49,Distant,2010;2017,2,136.26058554907976,140.24351464329573,False,1.0
Incidence,20-49,Distant,2010;2018,2,135.63266862667328,139.61559772088924,False,1.0
Incidence,20-49,Distant,2010;2019,2,135.09165411067397,139.07458320488993,False,1.0
Incidence,20-49,Distant,2011;2015,2,136.29164322308853,140.2745723173045,False,1.0
Incidence,20-49,Distant,2011;2016,2,135.98613699129874,139.9690660855147,False,1.0
Incidence,20-49,Distant,2011;2017,2,136.48342933435623,140.4663584285722,False,1.0
Incidence,20-49,Distant,2011;2018,2,135.76893914881788,139.75186824303384,False,1.0
Incidence,20-49,Distant,2011;2019,2,135.22397486865893,139.2069039628749,False,1.0
Incidence,20-49,Distant,2012;2016,2,136.03828929019292,140.02121838440888,False,1.0
Incidence,20-49,Distant,2012;2017,2,136.83014960165838,140.81307869587434,False,1.0
Incidence,20-49,Distant,2012;2018,2,136.0393622112311,140.02229130544706,False,1.0
Incidence,20-49,Distant,2012;2019,2,135.5116167869296,139.49454588114557,False,1.0
Incidence,20-49,Distant,2013;2017,2,137.88674072499973,141.8696698192157,False,1.0
Incidence,20-49,Distant,2013;2018,2,137.00827915983584,140.9912082540518,False,1.0
Incidence,20-49,Distant,2013;2019,2,136.48212276145264,140.4650518556686,False,1.0
Incidence,20-49,Distant,2014;2018,2,138.48377657035297,142.46670566456893,False,1.0
Incidence,20-49,Distant,2014;2019,2,137.9080023449364,141.89093143915235,False,1.0
Incidence,20-49,Distant,2015;2019,2,138.72953319270323,142.7124622869192,False,1.0
Incidence,20-49,Localized,None,0,126.74272348653989,128.73418803364788,True,1.3331704993098372
Incidence,20-49,Localized,2008,1,128.72978580565143,131.7169826263134,False,1.4104433175821205
Incidence,20-49,Localized,2009,1,128.7426992022302,131.72989602289218,False,1.4115523555023501
Incidence,20-49,Localized,2010,1,128.60683100630501,131.594027826967,False,1.4062170279455046
Incidence,20-49,Localized,2011,1,128.65641925745084,131.6436160781128,False,1.4058840219721314
Incidence,20-49,Localized,2012,1,128.6642312990298,131.6514281196918,False,1.4047202267264947
Incidence,20-49,Localized,2013,1,128.6039959710903,131.5911927917523,False,1.399006385225348
Incidence,20-49,Localized,2014,1,128.47251933879198,131.45971615945396,False,1.3886778210417223
Incidence,20-49,Localized,2015,1,128.2727931826745,131.25999000333647,False,1.3751418756521265
Incidence,20-49,Localized,2016,1,128.22125908724365,131.20845590790563,False,1.372601730313126
Incidence,20-49,Localized,2017,1,127.74101948599,130.72821630665197,False,1.3425726861286473
Incidence,20-49,Localized,2018,1,127.10582552811877,130.09302234878075,False,1.3084499607691793
Incidence,20-49,Localized,2019,1,125.750718207588,128.73791502824997,False,1.2435308374542557
Incidence,20-49,Localized,2008;2012,2,130.33034974642302,134.313278840639,False,1.4621342728420297
Incidence,20-49,Localized,2008;2013,2,130.2505759526896,134.23350504690555,False,1.4531456942814125
Incidence,20-49,Localized,2008;2014,2,130.04004738080414,134.0229764750201,False,1.4363906668112696
Incidence,20-49,Localized,2008;2015,2,129.76195275987072,133.74488185408669,False,1.4178341117224604
Incidence,20-49,Localized,2008;2016,2,129.78908022465362,133.7720093188696,False,1.423125279952728
Incidence,20-49,Localized,2008;2017,2,129.16744180217637,133.15037089639233,False,1.382054017296911
Incidence,20-49,Localized,2008;2018,2,128.4339309037956,132.41685999801157,False,1.3413311599929068
Incidence,20-49,Localized,2008;2019,2,126.88929445485485,130.8722235490708,False,1.2623835151954814
Incidence,20-49,Localized,2009;2013,2,130.28862032826873,134.2715494224847,False,1.4491383957097823
Incidence,20-49,Localized,2009;2014,2,130.06397313182433,134.0469022260403,False,1.431438702486376
Incidence,20-49,Localized,2009;2015,2,129.77357661117387,133.75650570538983,False,1.412401936339438
Incidence,20-49,Localized,2009;2016,2,129.81952530242054,133.8024543966365,False,1.4205301027089043
Incidence,20-49,Localized,2009;2017,2,129.1754762026191,133.15840529683507,False,1.3775295030259718
Incidence,20-49,Localized,2009;2018,2,128.42742388137054,132.4103529755865,False,1.3360959819447213
Incidence,20-49,Localized,2009;2019,2,126.85057180108404,130.8335008953,False,1.255127944467493
Incidence,20-49,Localized,2010;2014,2,130.45590377925117,134.43883287346713,False,1.4695934537842985
Incidence,20-49,Localized,2010;2015,2,130.19766197706255,134.1805910712785,False,1.4478393889209584
Incidence,20-49,Localized,2010;2016,2,130.17045891664696,134.15338801086295,False,1.4496446971423904
Incidence,20-49,Localized,2010;2017,2,129.58426992453423,133.56719901875022,False,1.4079670805318958
Incidence,20-49,Localized,2010;2018,2,128.85517701228923,132.83810610650522,False,1.3658891915291682
Incidence,20-49,Localized,2010;2019,2,127.31344316210597,131.29637225632194,False,1.2854241847565613
Incidence,20-49,Localized,2011;2015,2,129.97863291884008,133.96156201305604,False,1.4322915478240088
Incidence,20-49,Localized,2011;2016,2,130.02006236702846,134.00299146124442,False,1.440295498079709
Incidence,20-49,Localized,2011;2017,2,129.34444908322672,133.32737817744268,False,1.3952759654893352
Incidence,20-49,Localized,2011;2018,2,128.5682158969523,132.55114499116826,False,1.3526390081635633
Incidence,20-49,Localized,2011;2019,2,126.93542293658783,130.9183520308038,False,1.2694362692595471
Incidence,20-49,Localized,2012;2016,2,129.82777546565308,133.81070455986904,False,1.4320529663702122
Incidence,20-49,Localized,2012;2017,2,129.0680883835701,133.05101747778608,False,1.3830707570819825
Incidence,20-49,Localized,2012;2018,2,128.2593078855488,132.24223697976475,False,1.3401659075382895
Incidence,20-49,Localized,2012;2019,2,126.5433268868901,130.52625598110606,False,1.2540418853168736
Incidence,20-49,Localized,2013;2017,2,128.96455163805348,132.94748073226947,False,1.3818466308534152
Incidence,20-49,Localized,2013;2018,2,128.12869390082275,132.11162299503872,False,1.3381542241642896
Incidence,20-49,Localized,2013;2019,2,126.34271166686733,130.3256407610833,False,1.2491653963482883
Incidence,20-49,Localized,2014;2018,2,128.116706350779,132.09963544499496,False,1.3406401919493784
Incidence,20-49,Localized,2014;2019,2,126.24947849940853,130.2324075936245,False,1.2479048506892683
Incidence,20-49,Localized,2015;2019,2,126.13771580975462,130.1206449039706,False,1.2421921510704659
Incidence,20-49,Overall,None,0,158.3458369653004,160.3373015124084,False,1.4105464046136778
Incidence,20-49,Overall,2008,1,160.10178488296634,163.08898170362832,False,1.4868145471065362
Incidence,20-49,Overall,2009,1,160.0551724965336,163.04236931719558,False,1.4854725610943058
Incidence,20-49,Overall,2010,1,160.17162362547907,163.15882044614105,False,1.490647632686715
Incidence,20-49,Overall,2011,1,160.2489196239087,163.23611644457068,False,1.4934301152122111
Incidence,20-49,Overall,2012,1,160.3189876070852,163.30618442774718,False,1.494874317341877
Incidence,20-49,Overall,2013,1,160.31912431644452,163.3063211371065,False,1.4889398842212807
Incidence,20-49,Overall,2014,1,160.04619999410954,163.03339681477152,False,1.465679088445393
Incidence,20-49,Overall,2015,1,159.60909969839554,162.59629651905752,False,1.4341942709947193
Incidence,20-49,Overall,2016,1,159.03117400823044,162.01837082889242,False,1.3958170801468597
Incidence,20-49,Overall,2017,1,158.0060962388107,160.99329305947268,False,1.3317568812262468
Incidence,20-49,Overall,2018,1,156.0308371672446,159.0180339879066,False,1.2133278242542362
Incidence,20-49,Overall,2019,1,153.73258992988582,156.7197867505478,False,1.0814434941134958
Incidence,20-49,Overall,2008;2012,2,161.94298870066643,165.9259177948824,False,1.5658236048711611
Incidence,20-49,Overall,2008;2013,2,161.45389869768456,165.43682779190053,False,1.5298666413238575
Incidence,20-49,Overall,2008;2014,2,160.5868329645361,164.56976205875205,False,1.469222195933702
Incidence,20-49,Overall,2008;2015,2,159.7960177608171,163.77894685503307,False,1.41558886860977
Incidence,20-49,Overall,2008;2016,2,159.00221400527914,162.9851430994951,False,1.364208061353793
Incidence,20-49,Overall,2008;2017,2,157.67183348286244,161.6547625770784,False,1.2804033250574354
Incidence,20-49,Overall,2008;2018,2,155.23095520006115,159.2138842942771,False,1.1280607911206968
Incidence,20-49,Overall,2008;2019,2,152.76106970943647,156.74399880365243,False,1.0
Incidence,20-49,Overall,2009;2013,2,160.8749417717907,164.85787086600666,False,1.4948221915044904
Incidence,20-49,Overall,2009;2014,2,159.77911642611696,163.76204552033292,False,1.4202007734557014
Incidence,20-49,Overall,2009;2015,2,158.9275333861437,162.91046248035966,False,1.3635148218430102
Incidence,20-49,Overall,2009;2016,2,158.1353880811132,162.11831717532917,False,1.3132563006519584
Incidence,20-49,Overall,2009;2017,2,156.7599076427926,160.74283673700856,False,1.2275968578820926
Incidence,20-49,Overall,2009;2018,2,154.21092737772864,158.1938564719446,False,1.0689658677349294
Incidence,20-49,Overall,2009;2019,2,151.7446109855219,155.72754007973785,False,1.0
Incidence,20-49,Overall,2010;2014,2,159.43473469542954,163.4176637896455,False,1.3973878306122387
Incidence,20-49,Overall,2010;2015,2,158.55864595201547,162.54157504623143,False,1.3397531671756466
Incidence,20-49,Overall,2010;2016,2,157.79390189810613,161.7768309923221,False,1.2920517073262685
Incidence,20-49,Overall,2010;2017,2,156.3978120753829,160.38074116959885,False,1.2057180085692267
Incidence,20-49,Overall,2010;2018,2,153.77212940264553,157.7550584968615,False,1.0423623148415482
Incidence,20-49,Overall,2010;2019,2,151.3235513291902,155.30648042340616,False,1.0
Incidence,20-49,Overall,2011;2015,2,157.8291690920875,161.81209818630347,False,1.2938935724697507
Incidence,20-49,Overall,2011;2016,2,157.17795127077363,161.1608803649896,False,1.2544868892901135
Incidence,20-49,Overall,2011;2017,2,155.79756791791533,159.7804970121313,False,1.1698243826890753
Incidence,20-49,Overall,2011;2018,2,153.1019736059015,157.08490270011745,False,1.0020254478904462
Incidence,20-49,Overall,2011;2019,2,150.70579719571896,154.68872628993492,False,1.0
Incidence,20-49,Overall,2012;2016,2,156.49134516822244,160.4742742624384,False,1.2128809807006573
Incidence,20-49,Overall,2012;2017,2,155.18912698535263,159.1720560795686,False,1.133429184233497
Incidence,20-49,Overall,2012;2018,2,152.44504070891088,156.42796980312684,False,1.0
Incidence,20-49,Overall,2012;2019,2,150.14115763222537,154.12408672644133,True,1.0
Incidence,20-49,Overall,2013;2017,2,155.65202797451155,159.63495706872752,False,1.1611685496190725
Incidence,20-49,Overall,2013;2018,2,152.80767224185473,156.7906013360707,False,1.0
Incidence,20-49,Overall,2013;2019,2,150.52832038064628,154.51124947486224,False,1.0
Incidence,20-49,Overall,2014;2018,2,153.48706426953845,157.4699933637544,False,1.022139963997324
Incidence,20-49,Overall,2014;2019,2,151.1757336091236,155.15866270333956,False,1.0
Incidence,20-49,Overall,2015;2019,2,151.19743194815356,155.18036104236953,False,1.0
Incidence,20-49,Regional,None,0,136.52787574048116,138.51934028758916,False,1.7838008310481284
Incidence,20-49,Regional,2008,1,133.17815225069631,136.1653490713583,False,1.506177265900639
Incidence,20-49,Regional,2009,1,132.23214721746672,135.2193440381287,False,1.4429900691059059
Incidence,20-49,Regional,2010,1,132.3703758437672,135.35757266442917,False,1.452144345123983
Incidence,20-49,Regional,2011,1,132.1059811222025,135.0931779428645,False,1.435959646869985
Incidence,20-49,Regional,2012,1,131.66875672597544,134.65595354663742,False,1.4118040769170523
Incidence,20-49,Regional,2013,1,130.70311525247845,133.69031207314043,False,1.3539391294575145
Incidence,20-49,Regional,2014,1,129.83408404918606,132.82128086984804,False,1.3076057268638046
Incidence,20-49,Regional,2015,1,129.02841453435755,132.01561135501953,False,1.271644292502037
Incidence,20-49,Regional,2016,1,129.07008910074228,132.05728592140426,False,1.2940941992375976
Incidence,20-49,Regional,2017,1,126.99347055005761,129.98066737071957,False,1.1644431492623786
Incidence,20-49,Regional,2018,1,125.2168084678297,128.20400528849166,False,1.0541411652870356
Incidence,20-49,Regional,2019,1,124.77633377702784,127.76353059768982,True,1.0245251214384123
Incidence,20-49,Regional,2008;2012,2,133.5863752921456,137.56930438636155,False,1.4925993138289955
Incidence,20-49,Regional,2008;2013,2,132.62880470801855,136.61173380223454,False,1.4315280959091872
Incidence,20-49,Regional,2008;2014,2,131.73263199531746,135.71556108953342,False,1.3792162715278433
Incidence,20-49,Regional,2008;2015,2,130.87175731140366,134.85468640561962,False,1.33488811473795
Incidence,20-49,Regional,2008;2016,2,130.72318060294293,134.7061096971589,False,1.3395979545498946
Incidence,20-49,Regional,2008;2017,2,128.68939224839113,132.6723213426071,False,1.2084348747042886
Incidence,20-49,Regional,2008;2018,2,126.85721659689855,130.84014569111451,False,1.0891440388449676
Incidence,20-49,Regional,2008;2019,2,126.17148643134271,130.15441552555868,False,1.0402576853900007
Incidence,20-49,Regional,2009;2013,2,132.61659125451524,136.5995203487312,False,1.4308451157982844
Incidence,20-49,Regional,2009;2014,2,131.73404279445268,135.71697188866864,False,1.379431469012119
Incidence,20-49,Regional,2009;2015,2,130.87831067968955,134.8612397739055,False,1.3352433707566829
Incidence,20-49,Regional,2009;2016,2,130.70655920931463,134.6894883035306,False,1.3372932409321727
Incidence,20-49,Regional,2009;2017,2,128.69952497668223,132.6824540708982,False,1.2090005308483847
Incidence,20-49,Regional,2009;2018,2,126.87163537126025,130.85456446547622,False,1.0903565703915568
Incidence,20-49,Regional,2009;2019,2,126.15796571259946,130.14089480681542,False,1.0395830507552377
Incidence,20-49,Regional,2010;2014,2,131.83165266127475,135.8145817554907,False,1.389893065408703
Incidence,20-49,Regional,2010;2015,2,131.0256195526861,135.00854864690206,False,1.3498575687693493
Incidence,20-49,Regional,2010;2016,2,130.96676961712882,134.94969871134478,False,1.3590458015203326
Incidence,20-49,Regional,2010;2017,2,128.9296912471449,132.91262034136085,False,1.2278401365931209
Incidence,20-49,Regional,2010;2018,2,127.12108902220008,131.10401811641606,False,1.1090748526038745
Incidence,20-49,Regional,2010;2019,2,126.48237616500214,130.4653052592181,False,1.0620797636558867
Incidence,20-49,Regional,2011;2015,2,130.9891510468009,134.97208014101687,False,1.3533779374031947
Incidence,20-49,Regional,2011;2016,2,131.05250480039453,135.0354338946105,False,1.3694449456216338
Incidence,20-49,Regional,2011;2017,2,128.99126762160193,132.9741967158179,False,1.235991476744646
Incidence,20-49,Regional,2011;2018,2,127.20402713026566,131.18695622448163,False,1.1173201232514778
Incidence,20-49,Regional,2011;2019,2,126.63118749539865,130.6141165896146,False,1.073625456985543
Incidence,20-49,Regional,2012;2016,2,131.0695210806868,135.05245017490276,False,1.375811493884867
Incidence,20-49,Regional,2012;2017,2,128.9748367582361,132.95776585245207,False,1.2392880174086462
Incidence,20-49,Regional,2012;2018,2,127.21308913348123,131.1960182276972,False,1.120770468574473
Incidence,20-49,Regional,2012;2019,2,126.71549630134227,130.69842539555825,False,1.0812337936037184
Incidence,20-49,Regional,2013;2017,2,128.96084761697392,132.94377671118988,False,1.2393106166724244
Incidence,20-49,Regional,2013;2018,2,127.2035348780743,131.18646397229026,False,1.120795444563781
Incidence,20-49,Regional,2013;2019,2,126.72525130124463,130.7081803954606,False,1.082622312519431
Incidence,20-49,Regional,2014;2018,2,127.16534854089424,131.14827763511022,False,1.1189206944238157
Incidence,20-49,Regional,2014;2019,2,126.75071818760574,130.7336472818217,False,1.085660592341893
Incidence,20-49,Regional,2015;2019,2,126.77396748813692,130.75689658235288,False,1.0883638187533091
Incidence,50-64,Distant,None,0,172.40044639834645,174.39191094545444,True,2.2779734710044273
Incidence,50-64,Distant,2008,1,172.10840825764802,175.09560507831,False,2.2675641360760856
Incidence,50-64,Distant,2009,1,172.49999956159314,175.48719638225512,False,2.2889028342285362
Incidence,50-64,Distant,2010,1,171.6259551609125,174.61315198157448,False,2.2408252717507517
Incidence,50-64,Distant,2011,1,172.22075504600963,175.2079518666716,False,2.2843429476737978
Incidence,50-64,Distant,2012,1,172.2052456778436,175.19244249850559,False,2.2901058468859667
Incidence,50-64,Distant,2013,1,172.4315583192231,175.41875513988506,False,2.3064494637657127
Incidence,50-64,Distant,2014,1,172.535301948337,175.522498768999,False,2.3137321251960294
Incidence,50-64,Distant,2015,1,172.70291253817555,175.69010935883753,False,2.3223399756105283
Incidence,50-64,Distant,2016,1,173.70525946186308,176.69245628252506,False,2.3783251317866223
Incidence,50-64,Distant,2017,1,174.21082793712014,177.19802475778212,False,2.4047333362769727
Incidence,50-64,Distant,2018,1,174.3542740410594,177.34147086172138,False,2.4112378745730565
Incidence,50-64,Distant,2019,1,174.39853228148877,177.38572910215075,False,2.41161407991745
Incidence,50-64,Distant,2008;2012,2,173.90399908915026,177.88692818336622,False,2.404266304015245
Incidence,50-64,Distant,2008;2013,2,173.92983495735405,177.91276405157,False,2.4058974312772334
Incidence,50-64,Distant,2008;2014,2,173.89771806646814,177.8806471606841,False,2.4042352066881736
Incidence,50-64,Distant,2008;2015,2,173.8959531527521,177.87888224696806,False,2.4029739735044724
Incidence,50-64,Distant,2008;2016,2,174.10756570683856,178.09049480105452,False,2.4087798254523376
Incidence,50-64,Distant,2008;2017,2,173.95237647475085,177.9353055689668,False,2.3934425756182227
Incidence,50-64,Distant,2008;2018,2,173.82069549675026,177.80362459096622,False,2.383535933193658
Incidence,50-64,Distant,2008;2019,2,173.60208827991693,177.5850173741329,False,2.371206010783615
Incidence,50-64,Distant,2009;2013,2,174.27320527773213,178.2561343719481,False,2.4303261550766093
Incidence,50-64,Distant,2009;2014,2,174.26118382629062,178.24411292050658,False,2.4287545744445347
Incidence,50-64,Distant,2009;2015,2,174.27656831307252,178.25949740728848,False,2.4274873560682897
Incidence,50-64,Distant,2009;2016,2,174.49585822698936,178.47878732120532,False,2.430411128399625
Incidence,50-64,Distant,2009;2017,2,174.29835202330725,178.2812811175232,False,2.4107172924369453
Incidence,50-64,Distant,2009;2018,2,174.15329599264146,178.13622508685742,False,2.3999080296625945
Incidence,50-64,Distant,2009;2019,2,173.92139572873765,177.9043248229536,False,2.3870718920355727
Incidence,50-64,Distant,2010;2014,2,173.62477033502677,177.60769942924273,False,2.38006042195832
Incidence,50-64,Distant,2010;2015,2,173.6251222419383,177.60805133615426,False,2.381319653313707
Incidence,50-64,Distant,2010;2016,2,173.3823127041365,177.36524179835246,False,2.357057833562207
Incidence,50-64,Distant,2010;2017,2,172.92016587750385,176.9030949717198,False,2.3226324970631484
Incidence,50-64,Distant,2010;2018,2,172.76882625280518,176.75175534702115,False,2.313259283976554
Incidence,50-64,Distant,2010;2019,2,172.52686704581072,176.50979614002668,False,2.302905916408148
Incidence,50-64,Distant,2011;2015,2,174.20593367097467,178.18886276519063,False,2.4279142477662856
Incidence,50-64,Distant,2011;2016,2,173.97666700425725,177.9595960984732,False,2.4042867136617483
Incidence,50-64,Distant,2011;2017,2,173.45841133186724,177.4413404260832,False,2.366197193514641
Incidence,50-64,Distant,2011;2018,2,173.3047473035286,177.28767639774455,False,2.3568596058505857
Incidence,50-64,Distant,2011;2019,2,173.06012522823409,177.04305432245005,False,2.346860175593093
Incidence,50-64,Distant,2012;2016,2,173.64515524403345,177.6280843382494,False,2.390133857871962
Incidence,50-64,Distant,2012;2017,2,172.94860161851784,176.9315307127338,False,2.3417874121112305
Incidence,50-64,Distant,2012;2018,2,172.8543322890049,176.83726138322086,False,2.3371059029547103
Incidence,50-64,Distant,2012;2019,2,172.64855461722544,176.6314837114414,False,2.33139778267002
Incidence,50-64,Distant,2013;2017,2,172.65999205302325,176.6429211472392,False,2.3269689042119968
Incidence,50-64,Distant,2013;2018,2,172.67411490138244,176.6570439955984,False,2.3302281034622587
Incidence,50-64,Distant,2013;2019,2,172.5328826785991,176.51581177281506,False,2.3302818329800825
Incidence,50-64,Distant,2014;2018,2,171.9715593263012,175.95448842051715,False,2.2887326702163113
Incidence,50-64,Distant,2014;2019,2,172.0231485595985,176.00607765381446,False,2.303632714283156
Incidence,50-64,Distant,2015;2019,2,171.33408357343387,175.31701266764983,False,2.2645379656242484
Incidence,50-64,Localized,None,0,144.89035361710773,146.88181816421573,False,1.736112127337423
Incidence,50-64,Localized,2008,1,146.2719348928007,149.25913171346266,False,1.810807227965872
Incidence,50-64,Localized,2009,1,146.45641921984208,149.44361604050405,False,1.8203524337979264
Incidence,50-64,Localized,2010,1,146.87297656174132,149.8601733824033,False,1.839645436074451
Incidence,50-64,Localized,2011,1,146.78844669586056,149.77564351652254,False,1.824822669948547
Incidence,50-64,Localized,2012,1,146.41399831563126,149.40119513629324,False,1.7923631632830932
Incidence,50-64,Localized,2013,1,145.82061320351,148.80781002417197,False,1.7478767070554353
Incidence,50-64,Localized,2014,1,144.7522337645579,147.73943058521988,False,1.6740722362932703
Incidence,50-64,Localized,2015,1,143.78154904737139,146.76874586803336,False,1.6112230770560136
Incidence,50-64,Localized,2016,1,142.15771818144304,145.14491500210502,False,1.5106400185521167
Incidence,50-64,Localized,2017,1,139.8464359357863,142.83363275644828,False,1.3738803874301269
Incidence,50-64,Localized,2018,1,137.97903046367048,140.96622728433246,False,1.2692903144239225
Incidence,50-64,Localized,2019,1,137.74003075138262,140.7272275720446,False,1.2662640806151064
Incidence,50-64,Localized,2008;2012,2,143.4274427766845,147.41037187090046,False,1.5679322345021298
Incidence,50-64,Localized,2008;2013,2,142.46806482650862,146.45099392072458,False,1.5068091177138543
Incidence,50-64,Localized,2008;2014,2,140.7600024362678,144.74293153048376,False,1.3941998233781379
Incidence,50-64,Localized,2008;2015,2,139.8613673907065,143.84429648492247,False,1.3415440878512959
Incidence,50-64,Localized,2008;2016,2,137.98715848953523,141.9700875837512,False,1.2244886086629336
Incidence,50-64,Localized,2008;2017,2,135.39695139671463,139.3798804909306,False,1.0643544166169772
Incidence,50-64,Localized,2008;2018,2,133.88696448913606,137.86989358335205,False,1.0
Incidence,50-64,Localized,2008;2019,2,134.75120975260143,138.7341388468174,False,1.0545497215786934
Incidence,50-64,Localized,2009;2013,2,140.78879918585034,144.7717282800663,False,1.4018938232120504
Incidence,50-64,Localized,2009;2014,2,139.16918865534223,143.1521177495582,False,1.2950901984657197
Incidence,50-64,Localized,2009;2015,2,138.5600665360509,142.54299563026686,False,1.2624506618234372
Incidence,50-64,Localized,2009;2016,2,136.78228897020665,140.7652180644226,False,1.151313644984826
Incidence,50-64,Localized,2009;2017,2,134.24495899033008,138.22788808454607,False,1.0
Incidence,50-64,Localized,2009;2018,2,132.94507022004194,136.92799931425793,True,1.0
Incidence,50-64,Localized,2009;2019,2,134.16905652025565,138.1519856144716,False,1.0215421912647373
Incidence,50-64,Localized,2010;2014,2,140.63450750691425,144.6174366011302,False,1.3882260193400817
Incidence,50-64,Localized,2010;2015,2,140.03760260880568,144.02053170302165,False,1.3575566619233537
Incidence,50-64,Localized,2010;2016,2,138.21132517167558,142.19425426589154,False,1.2432828977263717
Incidence,50-64,Localized,2010;2017,2,135.6301375399753,139.61306663419128,False,1.0826461319295326
Incidence,50-64,Localized,2010;2018,2,134.34512941104526,138.32805850526123,False,1.012881186205638
Incidence,50-64,Localized,2010;2019,2,135.58687469059552,139.56980378481148,False,1.1138822641121198
Incidence,50-64,Localized,2011;2015,2,141.03181983666258,145.01474893087854,False,1.4241862654935522
Incidence,50-64,Localized,2011;2016,2,139.140086956812,143.12301605102797,False,1.3053951550936138
Incidence,50-64,Localized,2011;2017,2,136.50350310700128,140.48643220121724,False,1.1409344202293772
Incidence,50-64,Localized,2011;2018,2,135.24987837679447,139.23280747101046,False,1.0733561565566465
Incidence,50-64,Localized,2011;2019,2,136.53408039968485,140.51700949390082,False,1.1762502095651088
Incidence,50-64,Localized,2012;2016,2,139.4933865596459,143.47631565386186,False,1.332135477531873
Incidence,50-64,Localized,2012;2017,2,136.80860371045935,140.7915328046753,False,1.16392165616828
Incidence,50-64,Localized,2012;2018,2,135.65116661746626,139.63409571168222,False,1.1024095169612296
Incidence,50-64,Localized,2012;2019,2,137.0641640809157,141.04709317513166,False,1.2122076405684303
Incidence,50-64,Localized,2013;2017,2,136.81956993089017,140.80249902510613,False,1.166957064671937
Incidence,50-64,Localized,2013;2018,2,135.82884413103704,139.81177322525303,False,1.1161397115769363
Incidence,50-64,Localized,2013;2019,2,137.43811584934636,141.42104494356232,False,1.236933274724132
Incidence,50-64,Localized,2014;2018,2,136.48920217728005,140.472131271496,False,1.1545322817028334
Incidence,50-64,Localized,2014;2019,2,138.11469754920216,142.09762664341812,False,1.2747842359586634
Incidence,50-64,Localized,2015;2019,2,138.24002064365698,142.22294973787294,False,1.2854550433806513
Incidence,50-64,Overall,None,0,204.45965648810102,206.451121035209,False,3.2846519684608118
Incidence,50-64,Overall,2008,1,206.029377136192,209.016573956854,False,3.4689435633862455
Incidence,50-64,Overall,2009,1,206.43704733263246,209.42424415329444,False,3.4808682596721305
Incidence,50-64,Overall,2010,1,206.41795278437894,209.40514960504092,False,3.4690663962629795
Incidence,50-64,Overall,2011,1,206.0495446204609,209.03674144112287,False,3.432494042738323
Incidence,50-64,Overall,2012,1,205.3844963784327,208.37169319909466,False,3.378920441893146
Incidence,50-64,Overall,2013,1,204.3359121126473,207.32310893330927,False,3.3018250840462087
Incidence,50-64,Overall,2014,1,203.3756597823624,206.36285660302437,False,3.2351535813632513
Incidence,50-64,Overall,2015,1,202.25516647147742,205.2423632921394,False,3.161870430226621
Incidence,50-64,Overall,2016,1,199.56801965405714,202.55521647471912,False,2.9869790978355524
Incidence,50-64,Overall,2017,1,196.02821236639772,199.0154091870597,False,2.766447253118919
Incidence,50-64,Overall,2018,1,193.78208878599764,196.76928560665962,False,2.633243940647887
Incidence,50-64,Overall,2019,1,191.26479620669318,194.25199302735516,False,2.502892594141253
Incidence,50-64,Overall,2008;2012,2,201.1862273246977,205.16915641891367,False,3.2010152839474335
Incidence,50-64,Overall,2008;2013,2,199.606106527394,203.58903562160995,False,3.092268864212265
Incidence,50-64,Overall,2008;2014,2,198.88364163911626,202.86657073333222,False,3.044553180168596
Incidence,50-64,Overall,2008;2015,2,198.02230966528998,202.00523875950594,False,2.9916676592142846
Incidence,50-64,Overall,2008;2016,2,194.62927872285502,198.61220781707098,False,2.765579690807951
Incidence,50-64,Overall,2008;2017,2,190.59924220618586,194.58217130040182,False,2.5052265754767284
Incidence,50-64,Overall,2008;2018,2,188.9872946170043,192.97022371122026,False,2.4097229617529417
Incidence,50-64,Overall,2008;2019,2,187.18393339788418,191.16686249210014,True,2.325609369537163
Incidence,50-64,Overall,2009;2013,2,200.66717300727157,204.65010210148753,False,3.1563308391542044
Incidence,50-64,Overall,2009;2014,2,199.99836271949607,203.98129181371203,False,3.112870675689126
Incidence,50-64,Overall,2009;2015,2,199.16693273267106,203.14986182688702,False,3.0623759886446864
Incidence,50-64,Overall,2009;2016,2,195.68822760023386,199.67115669444982,False,2.830694171612067
Incidence,50-64,Overall,2009;2017,2,191.60537711717757,195.58830621139353,False,2.5670885703655966
Incidence,50-64,Overall,2009;2018,2,190.05925749707433,194.0421865912903,False,2.476137516991124
Incidence,50-64,Overall,2009;2019,2,188.30456759490608,192.28749668912204,False,2.3953225839137926
Incidence,50-64,Overall,2010;2014,2,200.07064863147127,204.05357772568723,False,3.1188697788161464
Incidence,50-64,Overall,2010;2015,2,199.38334881089065,203.3662779051066,False,3.077817224225956
Incidence,50-64,Overall,2010;2016,2,195.79465944448634,199.7775885387023,False,2.8388365868534953
Incidence,50-64,Overall,2010;2017,2,191.6592431774286,195.64217227164457,False,2.571987497256945
Incidence,50-64,Overall,2010;2018,2,190.2666708429149,194.24959993713085,False,2.4910709029106095
Incidence,50-64,Overall,2010;2019,2,188.63364346678384,192.6165725609998,False,2.4183038608332574
Incidence,50-64,Overall,2011;2015,2,200.19196988024464,204.1748989744606,False,3.1270575394584634
Incidence,50-64,Overall,2011;2016,2,196.43188862051636,200.41481771473232,False,2.876830968816992
Incidence,50-64,Overall,2011;2017,2,192.20337339971604,196.186302493932,False,2.6041882795222304
Incidence,50-64,Overall,2011;2018,2,190.9062705328579,194.88919962707385,False,2.529708555863657
Incidence,50-64,Overall,2011;2019,2,189.32966316562158,193.31259225983754,False,2.460530533522129
Incidence,50-64,Overall,2012;2016,2,196.76326004430246,200.74618913851842,False,2.89549622284107
Incidence,50-64,Overall,2012;2017,2,192.4066053019651,196.38953439618106,False,2.6149604297239346
Incidence,50-64,Overall,2012;2018,2,191.26272941675006,195.24565851096602,False,2.5509088604334695
Incidence,50-64,Overall,2012;2019,2,189.7749996945896,193.75792878880557,False,2.487546518142978
Incidence,50-64,Overall,2013;2017,2,192.69643474140344,196.6793638356194,False,2.6284028762992167
Incidence,50-64,Overall,2013;2018,2,191.70292164536806,195.68585073958403,False,2.5754562334237012
Incidence,50-64,Overall,2013;2019,2,190.27722821533223,194.2601573095482,False,2.5163610958756415
Incidence,50-64,Overall,2014;2018,2,191.1965166635879,195.17944575780385,False,2.546528741259929
Incidence,50-64,Overall,2014;2019,2,190.09531697766272,194.07824607187868,False,2.508842533523186
Incidence,50-64,Overall,2015;2019,2,189.66706117825322,193.64999027246918,False,2.48824954638749
Incidence,50-64,Regional,None,0,164.41832008777322,166.40978463488122,False,2.7024342631749114
Incidence,50-64,Regional,2008,1,164.35783692265474,167.34503374331672,False,2.70744614961237
Incidence,50-64,Regional,2009,1,162.1199226571029,165.10711947776488,False,2.548147648468096
Incidence,50-64,Regional,2010,1,159.5568031322428,162.54399995290478,False,2.3776946550454396
Incidence,50-64,Regional,2011,1,158.47256946806272,161.4597662887247,False,2.311219060894401
Incidence,50-64,Regional,2012,1,155.62268835583745,158.60988517649943,False,2.1133691663930487
Incidence,50-64,Regional,2013,1,153.23828037236348,156.22547719302545,False,1.952322696704663
Incidence,50-64,Regional,2014,1,152.10391935856546,155.09111617922744,False,1.8758668637664584
Incidence,50-64,Regional,2015,1,150.71594008343993,153.7031369041019,False,1.7860278962011253
Incidence,50-64,Regional,2016,1,150.135040385639,153.12223720630098,False,1.7534629103308879
Incidence,50-64,Regional,2017,1,148.73430849609923,151.7215053167612,False,1.6694001668389826
Incidence,50-64,Regional,2018,1,148.38590774666181,151.3731045673238,False,1.6606760578619633
Incidence,50-64,Regional,2019,1,146.42211060209166,149.40930742275364,True,1.5519040501353825
Incidence,50-64,Regional,2008;2012,2,153.34348582446114,157.3264149186771,False,1.9711177259656758
Incidence,50-64,Regional,2008;2013,2,151.45372253245017,155.43665162666613,False,1.8291232871260341
Incidence,50-64,Regional,2008;2014,2,151.39390486120794,155.3768339554239,False,1.821087190624163
Incidence,50-64,Regional,2008;2015,2,150.71232052267914,154.6952496168951,False,1.7721789662154508
Incidence,50-64,Regional,2008;2016,2,150.8635546289886,154.84648372320456,False,1.7872191033557
Incidence,50-64,Regional,2008;2017,2,149.87168971861922,153.85461881283518,False,1.7236966780782736
Incidence,50-64,Regional,2008;2018,2,149.9526308688946,153.93555996311056,False,1.7426172994331848
Incidence,50-64,Regional,2008;2019,2,148.18703018727342,152.16995928148938,False,1.6382377488372122
Incidence,50-64,Regional,2009;2013,2,152.38309816358105,156.36602725779701,False,1.8878477944923935
Incidence,50-64,Regional,2009;2014,2,152.29395879707022,156.27688789128618,False,1.8788161849154232
Incidence,50-64,Regional,2009;2015,2,151.52303283679367,155.50596193100964,False,1.8242201761631403
Incidence,50-64,Regional,2009;2016,2,151.54194938350707,155.52487847772304,False,1.8300207323679312
Incidence,50-64,Regional,2009;2017,2,150.42402025050018,154.40694934471614,False,1.757963150739007
Incidence,50-64,Regional,2009;2018,2,150.31934227461997,154.30227136883593,False,1.763156722198122
Incidence,50-64,Regional,2009;2019,2,148.41661504582817,152.39954414004413,False,1.6494164831270939
Incidence,50-64,Regional,2010;2014,2,152.97092589530956,156.95385498952552,False,1.9154067138489121
Incidence,50-64,Regional,2010;2015,2,152.0703162227968,156.05324531701277,False,1.854598488232106
Incidence,50-64,Regional,2010;2016,2,151.9272527512414,155.91018184545737,False,1.8510236357945995
Incidence,50-64,Regional,2010;2017,2,150.67726998656985,154.66019908078582,False,1.7711144302817965
Incidence,50-64,Regional,2010;2018,2,150.37920281995378,154.36213191416974,False,1.7632790957935913
Incidence,50-64,Regional,2010;2019,2,148.34994213744426,152.33287123166022,False,1.6416110771896228
Incidence,50-64,Regional,2011;2015,2,151.64311039750717,155.62603949172313,False,1.8272565865003418
Incidence,50-64,Regional,2011;2016,2,151.76726542563142,155.75019451984738,False,1.8414717694497822
Incidence,50-64,Regional,2011;2017,2,150.60947330697638,154.59240240119234,False,1.767326848268018
Incidence,50-64,Regional,2011;2018,2,150.3856918924111,154.36862098662706,False,1.764313267816779
Incidence,50-64,Regional,2011;2019,2,148.3734027916429,152.35633188585885,False,1.6435544645314308
Incidence,50-64,Regional,2012;2016,2,152.05686312339589,156.03979221761185,False,1.859452325585122
Incidence,50-64,Regional,2012;2017,2,150.7316189997578,154.71454809397378,False,1.773896215685213
Incidence,50-64,Regional,2012;2018,2,150.28092855428326,154.26385764849923,False,1.7538130225179835
Incidence,50-64,Regional,2012;2019,2,148.1570022825431,152.13993137675905,False,1.6253828611392598
Incidence,50-64,Regional,2013;2017,2,150.7168813503007,154.69981044451666,False,1.7717020280238556
Incidence,50-64,Regional,2013;2018,2,150.12299949540213,154.1059285896181,False,1.7407578231988339
Incidence,50-64,Regional,2013;2019,2,147.9577601966539,151.94068929086987,False,1.6096146227668
Incidence,50-64,Regional,2014;2018,2,150.20558450448743,154.1885135987034,False,1.7461636777379772
Incidence,50-64,Regional,2014;2019,2,148.0753091562055,152.05823825042145,False,1.6171502694813686
Incidence,50-64,Regional,2015;2019,2,148.14214865048928,152.12507774470524,False,1.6218890739921992
Incidence,65+,Distant,None,0,142.6599439924512,144.65140853955918,False,1.0
Incidence,65+,Distant,2008,1,141.62477761958021,144.6119744402422,False,1.0
Incidence,65+,Distant,2009,1,141.50554391596168,144.49274073662366,False,1.0
Incidence,65+,Distant,2010,1,140.7682782950852,143.75547511574717,False,1.0
Incidence,65+,Distant,2011,1,140.2246234255933,143.2118202462553,True,1.0
Incidence,65+,Distant,2012,1,140.50396473435575,143.49116155501773,False,1.0
Incidence,65+,Distant,2013,1,140.8053670878983,143.79256390856028,False,1.0
Incidence,65+,Distant,2014,1,141.09047690728022,144.0776737279422,False,1.0
Incidence,65+,Distant,2015,1,142.03313465305243,145.0203314737144,False,1.0
Incidence,65+,Distant,2016,1,142.9717410112317,145.95893783189368,False,1.0
Incidence,65+,Distant,2017,1,143.36027229294112,146.3474691136031,False,1.0
Incidence,65+,Distant,2018,1,144.16114214896533,147.1483389696273,False,1.0
Incidence,65+,Distant,2019,1,144.56919571498656,147.55639253564854,False,1.0
Incidence,65+,Distant,2008;2012,2,142.4733618808332,146.45629097504917,False,1.0
Incidence,65+,Distant,2008;2013,2,142.62783884262296,146.61076793683893,False,1.0
Incidence,65+,Distant,2008;2014,2,142.7139827970502,146.69691189126615,False,1.0
Incidence,65+,Distant,2008;2015,2,143.16876707451138,147.15169616872734,False,1.0
Incidence,65+,Distant,2008;2016,2,143.49044740052804,147.473376494744,False,1.0
Incidence,65+,Distant,2008;2017,2,143.54818778265738,147.53111687687334,False,1.0
Incidence,65+,Distant,2008;2018,2,143.61153712000709,147.59446621422305,False,1.0
Incidence,65+,Distant,2008;2019,2,143.4230370893067,147.40596618352265,False,1.0
Incidence,65+,Distant,2009;2013,2,142.7273745343929,146.71030362860887,False,1.0
Incidence,65+,Distant,2009;2014,2,142.82728193019997,146.81021102441593,False,1.0
Incidence,65+,Distant,2009;2015,2,143.23729173745903,147.220220831675,False,1.0
Incidence,65+,Distant,2009;2016,2,143.46654853181158,147.44947762602754,False,1.0
Incidence,65+,Distant,2009;2017,2,143.49110489218367,147.47403398639963,False,1.0
Incidence,65+,Distant,2009;2018,2,143.4325442401299,147.41547333434585,False,1.0
Incidence,65+,Distant,2009;2019,2,143.15433181834774,147.1372609125637,False,1.0
Incidence,65+,Distant,2010;2014,2,142.5758179965042,146.55874709072017,False,1.0
Incidence,65+,Distant,2010;2015,2,142.74824485773723,146.7311739519532,False,1.0
Incidence,65+,Distant,2010;2016,2,142.74277622289992,146.72570531711588,False,1.0
Incidence,65+,Distant,2010;2017,2,142.730839525676,146.71376861989197,False,1.0
Incidence,65+,Distant,2010;2018,2,142.45489594402275,146.4378250382387,False,1.0
Incidence,65+,Distant,2010;2019,2,142.04757451381508,146.03050360803104,False,1.0
Incidence,65+,Distant,2011;2015,2,142.1474885750787,146.13041766929467,False,1.0
Incidence,65+,Distant,2011;2016,2,141.9229023487441,145.90583144296005,False,1.0
Incidence,65+,Distant,2011;2017,2,141.9491645745373,145.93209366875325,False,1.0
Incidence,65+,Distant,2011;2018,2,141.48040642961206,145.46333552382802,False,1.0
Incidence,65+,Distant,2011;2019,2,140.98476704408353,144.9676961382995,False,1.0
Incidence,65+,Distant,2012;2016,2,141.91267965881104,145.895608753027,False,1.0
Incidence,65+,Distant,2012;2017,2,142.00705195266107,145.98998104687703,False,1.0
Incidence,65+,Distant,2012;2018,2,141.4225173069525,145.40544640116846,False,1.0
Incidence,65+,Distant,2012;2019,2,140.88770632505916,144.87063541927512,False,1.0
Incidence,65+,Distant,2013;2017,2,141.96864518178674,145.9515742760027,False,1.0
Incidence,65+,Distant,2013;2018,2,141.25915394766886,145.24208304188483,False,1.0
Incidence,65+,Distant,2013;2019,2,140.7090599089951,144.69198900321106,False,1.0
Incidence,65+,Distant,2014;2018,2,140.80930861922172,144.7922377134377,False,1.0
Incidence,65+,Distant,2014;2019,2,140.30897483565406,144.29190392987002,False,1.0
Incidence,65+,Distant,2015;2019,2,141.14542901068322,145.12835810489918,False,1.0
Incidence,65+,Localized,None,0,152.87713681281818,154.86860135992617,False,1.821594045236509
Incidence,65+,Localized,2008,1,151.4462872224735,154.43348404313548,False,1.7328120687743607
Incidence,65+,Localized,2009,1,153.22531860683983,156.2125154275018,False,1.8436259442228182
Incidence,65+,Localized,2010,1,154.29009625014513,157.2772930708071,False,1.9048509097865831
Incidence,65+,Localized,2011,1,154.7192263582968,157.70642317895877,False,1.9258398914556318
Incidence,65+,Localized,2012,1,154.85878846337476,157.84598528403674,False,1.9298646460089557
Incidence,65+,Localized,2013,1,154.85035395470706,157.83755077536904,False,1.9247759542038134
Incidence,65+,Localized,2014,1,154.37223830935548,157.35943513001746,False,1.8882693968302404
Incidence,65+,Localized,2015,1,153.51888326523985,156.50608008590183,False,1.8312697370548736
Incidence,65+,Localized,2016,1,152.87604303257712,155.8632398532391,False,1.7890838783684564
Incidence,65+,Localized,2017,1,152.16475049041435,155.15194731107633,False,1.7463633194835793
Incidence,65+,Localized,2018,1,150.33639411613473,153.3235909367967,False,1.636056578365655
Incidence,65+,Localized,2019,1,148.70759653854907,151.69479335921105,False,1.5408960918554966
Incidence,65+,Localized,2008;2012,2,148.31147561292693,152.2944047071429,False,1.5099485518138087
Incidence,65+,Localized,2008;2013,2,148.1131149920125,152.09604408622846,False,1.502989607529523
Incidence,65+,Localized,2008;2014,2,145.98259157641547,149.96552067063143,False,1.3585782407307858
Incidence,65+,Localized,2008;2015,2,144.3509659309022,148.33389502511815,False,1.2504171142355496
Incidence,65+,Localized,2008;2016,2,144.1704190963341,148.15334819055005,False,1.2375508834101985
Incidence,65+,Localized,2008;2017,2,143.9912100469602,147.97413914117615,False,1.2316225480952272
Incidence,65+,Localized,2008;2018,2,141.85205430142727,145.83498339564323,False,1.0922878032257808
Incidence,65+,Localized,2008;2019,2,140.62412161262475,144.6070507068407,True,1.0145853088924697
Incidence,65+,Localized,2009;2013,2,150.49448023351025,154.4774093277262,False,1.6557409178113807
Incidence,65+,Localized,2009;2014,2,148.1657055461208,152.14863464033675,False,1.4963133720995496
Incidence,65+,Localized,2009;2015,2,146.46890090006076,150.45182999427672,False,1.3836634544542254
Incidence,65+,Localized,2009;2016,2,146.35309731625628,150.33602641047224,False,1.3764838885028576
Incidence,65+,Localized,2009;2017,2,146.21522111170037,150.19815020591633,False,1.3745169428115853
Incidence,65+,Localized,2009;2018,2,144.0540082785029,148.03693737271885,False,1.2335273743858337
Incidence,65+,Localized,2009;2019,2,142.8411449573089,146.82407405152486,False,1.1574814397652713
Incidence,65+,Localized,2010;2014,2,150.05226831858,154.03519741279595,False,1.61412058515004
Incidence,65+,Localized,2010;2015,2,148.2353214843958,152.21825057861176,False,1.4939439800845444
Incidence,65+,Localized,2010;2016,2,148.15429344695426,152.13722254117022,False,1.4903966371983135
Incidence,65+,Localized,2010;2017,2,148.02569047132945,152.00861956554542,False,1.4898132214845565
Incidence,65+,Localized,2010;2018,2,145.82412618258968,149.80705527680564,False,1.3461321053125463
Incidence,65+,Localized,2010;2019,2,144.60325633005658,148.58618542427254,False,1.2699575119626036
Incidence,65+,Localized,2011;2015,2,148.72056041922593,152.7034895134419,False,1.5246003625637874
Incidence,65+,Localized,2011;2016,2,148.8268178579583,152.80974695217427,False,1.5344490631448957
Incidence,65+,Localized,2011;2017,2,148.8060078607719,152.78893695498786,False,1.5411523183053382
Incidence,65+,Localized,2011;2018,2,146.57678464500398,150.55971373921994,False,1.3949402347937623
Incidence,65+,Localized,2011;2019,2,145.40004586524765,149.3829749594636,False,1.321296335179834
Incidence,65+,Localized,2012;2016,2,148.51108946388175,152.4940185580977,False,1.5184948428803202
Incidence,65+,Localized,2012;2017,2,148.8033226837424,152.78625177795837,False,1.5447684327039977
Incidence,65+,Localized,2012;2018,2,146.58057626994423,150.5635053641602,False,1.3968859147693
Incidence,65+,Localized,2012;2019,2,145.5318971234498,149.51482621766576,False,1.3304132589866235
Incidence,65+,Localized,2013;2017,2,148.92516217839517,152.90809127261113,False,1.5521122147581796
Incidence,65+,Localized,2013;2018,2,146.70327819745904,150.686207291675,False,1.4014754253775636
Incidence,65+,Localized,2013;2019,2,145.79267217276055,149.7756012669765,False,1.3431076404189342
Incidence,65+,Localized,2014;2018,2,148.57250245717458,152.55543155139054,False,1.5111399490194877
Incidence,65+,Localized,2014;2019,2,147.44881119299248,151.43174028720844,False,1.4410866500808686
Incidence,65+,Localized,2015;2019,2,148.46645625072142,152.44938534493738,False,1.5005589408916866
Incidence,65+,Overall,None,0,205.02581450222272,207.0172790493307,False,3.249467600182473
Incidence,65+,Overall,2008,1,206.18588037357688,209.17307719423886,False,3.4001729687247217
Incidence,65+,Overall,2009,1,206.7399591025944,209.7271559232564,False,3.430538763176199
Incidence,65+,Overall,2010,1,207.01231266289597,209.99950948355794,False,3.4415617737197812
Incidence,65+,Overall,2011,1,207.0067008192408,209.99389763990277,False,3.4372168012523368
Incidence,65+,Overall,2012,1,206.79897458188134,209.78617140254332,False,3.419045281386472
Incidence,65+,Overall,2013,1,206.25059174901924,209.23778856968121,False,3.3797160905018497
Incidence,65+,Overall,2014,1,204.71357724658412,207.7007740672461,False,3.2762751287007426
Incidence,65+,Overall,2015,1,202.71796583335902,205.705162654021,False,3.147851563028664
Incidence,65+,Overall,2016,1,200.76283103349613,203.7500278541581,False,3.02700454711586
Incidence,65+,Overall,2017,1,198.65920653069315,201.64640335135513,False,2.9055704732149406
Incidence,65+,Overall,2018,1,192.9345364635226,195.92173328418457,False,2.565053966891737
Incidence,65+,Overall,2019,1,186.14933130913607,189.13652812979805,False,2.171756626330746
Incidence,65+,Overall,2008;2012,2,203.94663341643582,207.92956251065178,False,3.323955075478613
Incidence,65+,Overall,2008;2013,2,202.60361135053597,206.58654044475193,False,3.2368071914363528
Incidence,65+,Overall,2008;2014,2,199.2942733239047,203.27720241812065,False,3.015126180606661
Incidence,65+,Overall,2008;2015,2,196.33048383043945,200.3134129246554,False,2.821130676959374
Incidence,65+,Overall,2008;2016,2,194.2836851155962,198.26661420981216,False,2.6940831387403645
Incidence,65+,Overall,2008;2017,2,192.42091777005407,196.40384686427004,False,2.590608081899945
Incidence,65+,Overall,2008;2018,2,185.6111413740133,189.59407046822926,False,2.160442467416803
Incidence,65+,Overall,2008;2019,2,178.48648139678403,182.469410491,False,1.7197704893502581
Incidence,65+,Overall,2009;2013,2,203.16478793906902,207.14771703328498,False,3.2718942530107795
Incidence,65+,Overall,2009;2014,2,199.53963636142498,203.52256545564094,False,3.0285150836752415
Incidence,65+,Overall,2009;2015,2,196.47364641906688,200.45657551328284,False,2.8281761166505595
Incidence,65+,Overall,2009;2016,2,194.50591208356843,198.4888411777844,False,2.707578231369936
Incidence,65+,Overall,2009;2017,2,192.75655708659156,196.73948618080752,False,2.6130467572509737
Incidence,65+,Overall,2009;2018,2,185.81743270459071,189.80036179880668,False,2.173712037077884
Incidence,65+,Overall,2009;2019,2,178.68992556568435,182.6728546599003,False,1.7322405095107651
Incidence,65+,Overall,2010;2014,2,200.07571775130748,204.05864684552344,False,3.058387199869006
Incidence,65+,Overall,2010;2015,2,196.8717796937109,200.85470878792685,False,2.8499083826166327
Incidence,65+,Overall,2010;2016,2,194.9801962363573,198.96312533057326,False,2.7360588739802094
Incidence,65+,Overall,2010;2017,2,193.33487136600354,197.3178004602195,False,2.6499459274110215
Incidence,65+,Overall,2010;2018,2,186.25937367906704,190.242302773283,False,2.201077609846524
Incidence,65+,Overall,2010;2019,2,179.12412897554952,183.1070580697655,False,1.75863748889058
Incidence,65+,Overall,2011;2015,2,195.44727798014173,199.4302070743577,False,2.7636002846664622
Incidence,65+,Overall,2011;2016,2,193.91541097407367,197.89834006828963,False,2.675099258550763
Incidence,65+,Overall,2011;2017,2,192.60030363874375,196.58323273295971,False,2.611906342013164
Incidence,65+,Overall,2011;2018,2,185.35425926148218,189.33718835569815,False,2.150542895451245
Incidence,65+,Overall,2011;2019,2,178.27496895740978,182.25789805162574,False,1.7102254853166379
Incidence,65+,Overall,2012;2016,2,193.16927264177286,197.15220173598883,False,2.6327558683503445
Incidence,65+,Overall,2012;2017,2,192.27814775482545,196.26107684904142,False,2.5978427070682764
Incidence,65+,Overall,2012;2018,2,184.8483489144387,188.83127800865466,False,2.122313323706287
Incidence,65+,Overall,2012;2019,2,177.838948238012,181.82187733222796,False,1.6847856275474815
Incidence,65+,Overall,2013;2017,2,192.28453700141768,196.26746609563364,False,2.6030469026935554
Incidence,65+,Overall,2013;2018,2,184.61203290656078,188.59496200077675,False,2.108527261825031
Incidence,65+,Overall,2013;2019,2,177.67817732472759,181.66110641894355,True,1.673970872543693
Incidence,65+,Overall,2014;2018,2,186.5266116892991,190.50954078351506,False,2.2229432465052357
Incidence,65+,Overall,2014;2019,2,179.382511476363,183.36544057057895,False,1.7757202781672894
Incidence,65+,Overall,2015;2019,2,180.0891624419247,184.07209153614068,False,1.8160858191749003
Incidence,65+,Regional,None,0,179.1430777132747,181.1345422603827,False,3.150846669466327
Incidence,65+,Regional,2008,1,178.24896407133474,181.23616089199672,False,3.145037799243755
Incidence,65+,Regional,2009,1,177.76951926436882,180.7567160850308,False,3.115738152311542
Incidence,65+,Regional,2010,1,176.28899944146363,179.2761962621256,False,3.0166951839637766
Incidence,65+,Regional,2011,1,175.63418311709407,178.62137993775605,False,2.9726586456128947
Incidence,65+,Regional,2012,1,174.77468116017644,177.76187798083842,False,2.919185671490107
Incidence,65+,Regional,2013,1,173.11492506926618,176.10212188992816,False,2.816257619797173
Incidence,65+,Regional,2014,1,170.0536106764408,173.04080749710278,False,2.6220682711865546
Incidence,65+,Regional,2015,1,168.60927927796558,171.59647609862756,False,2.525882876639892
Incidence,65+,Regional,2016,1,167.4004290742936,170.3876258949556,False,2.454535057830764
Incidence,65+,Regional,2017,1,164.4258950597976,167.41309188045958,False,2.280063901287326
Incidence,65+,Regional,2018,1,158.3430624691761,161.33025928983807,False,1.9197531315918772
Incidence,65+,Regional,2019,1,150.72719572644618,153.71439254710816,False,1.4791909005886932
Incidence,65+,Regional,2008;2012,2,176.40197213352033,180.3849012277363,False,3.076712076292265
Incidence,65+,Regional,2008;2013,2,174.6533646932226,178.63629378743858,False,2.9619620793891572
Incidence,65+,Regional,2008;2014,2,171.26949035814968,175.25241945236564,False,2.732182576318785
Incidence,65+,Regional,2008;2015,2,170.02597883247242,174.00890792668838,False,2.6438227838837887
Incidence,65+,Regional,2008;2016,2,169.03311327128168,173.01604236549764,False,2.584339278221556
Incidence,65+,Regional,2008;2017,2,166.08348966005647,170.06641875427243,False,2.401293225934711
Incidence,65+,Regional,2008;2018,2,159.8653607352803,163.84828982949625,False,2.0080050307228507
Incidence,65+,Regional,2008;2019,2,152.19248444057288,156.17541353478885,False,1.533516434491866
Incidence,65+,Regional,2009;2013,2,174.20377021737886,178.18669931159482,False,2.933122729136235
Incidence,65+,Regional,2009;2014,2,170.61924474553444,174.6021738397504,False,2.6889790595380108
Incidence,65+,Regional,2009;2015,2,169.54852416398614,173.5314532582021,False,2.612309867700232
Incidence,65+,Regional,2009;2016,2,168.71386178533837,172.69679087955433,False,2.5642681650965797
Incidence,65+,Regional,2009;2017,2,165.7894190649292,169.77234815914517,False,2.3831985137944756
Incidence,65+,Regional,2009;2018,2,159.4994178115353,163.48234690575126,False,1.984334202513574
Incidence,65+,Regional,2009;2019,2,151.80432258538832,155.78725167960428,False,1.5070447704500336
Incidence,65+,Regional,2010;2014,2,170.71960829486795,174.70253738908391,False,2.693058367441833
Incidence,65+,Regional,2010;2015,2,169.6737366614862,173.65666575570216,False,2.619181639819475
Incidence,65+,Regional,2010;2016,2,168.85056237134683,172.8334914655628,False,2.572715505113156
Incidence,65+,Regional,2010;2017,2,165.90542991673934,169.8883590109553,False,2.3904043966662885
Incidence,65+,Regional,2010;2018,2,159.57664694407612,163.55957603829208,False,1.9886848103708308
Incidence,65+,Regional,2010;2019,2,151.85787000661546,155.84079910083142,False,1.5094309888640376
Incidence,65+,Regional,2011;2015,2,168.97799464399793,172.9609237382139,False,2.5767298335507247
Incidence,65+,Regional,2011;2016,2,168.4418339732888,172.42476306750476,False,2.5498349068824684
Incidence,65+,Regional,2011;2017,2,165.53219450385328,169.51512359806924,False,2.369923868213743
Incidence,65+,Regional,2011;2018,2,159.09272298122406,163.07565207544002,False,1.9598080996894502
Incidence,65+,Regional,2011;2019,2,151.34512885315897,155.32805794737493,False,1.476809207106074
Incidence,65+,Regional,2012;2016,2,167.92551834842078,171.90844744263674,False,2.5202885554858154
Incidence,65+,Regional,2012;2017,2,165.0779666961202,169.06089579033616,False,2.344055516340461
Incidence,65+,Regional,2012;2018,2,158.50559084042752,162.48851993464348,False,1.9233357875258659
Incidence,65+,Regional,2012;2019,2,150.73491937361604,154.717848467832,False,1.4364902780909337
Incidence,65+,Regional,2013;2017,2,165.00135043729026,168.98427953150622,False,2.338714660733863
Incidence,65+,Regional,2013;2018,2,158.2613224382852,162.24425153250115,False,1.9054846659257063
Incidence,65+,Regional,2013;2019,2,150.4388131844188,154.42174227863475,False,1.4137198189754723
Incidence,65+,Regional,2014;2018,2,158.820529245391,162.80345833960695,False,1.935962062146253
Incidence,65+,Regional,2014;2019,2,150.84274840685984,154.8256775010758,False,1.4346915802609108
Incidence,65+,Regional,2015;2019,2,149.72356434150163,153.7064934357176,True,1.3624402432620555
IBM,20-49,,None,0,123.62391002194448,125.61537456905246,False,1.0
IBM,20-49,,2008,1,125.19248433310554,128.17968115376752,False,1.0
IBM,20-49,,2009,1,124.53997380619799,127.52717062685997,False,1.0
IBM,20-49,,2010,1,124.15476740289085,127.14196422355283,False,1.0
IBM,20-49,,2011,1,123.82669033821212,126.8138871588741,False,1.0
IBM,20-49,,2012,1,123.12321585363307,126.11041267429505,False,1.0
IBM,20-49,,2013,1,122.64616062443805,125.63335744510003,False,1.0
IBM,20-49,,2014,1,122.03877775610958,125.02597457677156,False,1.0
IBM,20-49,,2015,1,121.62228117032544,124.60947799098741,False,1.0
IBM,20-49,,2016,1,121.4813073742165,124.46850419487848,True,1.0
IBM,20-49,,2017,1,122.37470797718984,125.36190479785182,False,1.0
IBM,20-49,,2018,1,123.59855382637855,126.58575064704053,False,1.0
IBM,20-49,,2019,1,124.5025687058492,127.48976552651118,False,1.0
IBM,20-49,,2008;2012,2,124.02392361545019,128.00685270966616,False,1.0
IBM,20-49,,2008;2013,2,123.7383541069669,127.72128320118286,False,1.0
IBM,20-49,,2008;2014,2,123.24099373246709,127.22392282668305,False,1.0
IBM,20-49,,2008;2015,2,123.01136350333435,126.99429259755031,False,1.0
IBM,20-49,,2008;2016,2,123.08801575283724,127.0709448470532,False,1.0
IBM,20-49,,2008;2017,2,124.26777155754846,128.25070065176442,False,1.0
IBM,20-49,,2008;2018,2,125.59853137462021,129.58146046883618,False,1.0
IBM,20-49,,2008;2019,2,126.4423162114204,130.42524530563637,False,1.0
IBM,20-49,,2009;2013,2,124.18713997166371,128.1700690658797,False,1.0
IBM,20-49,,2009;2014,2,123.63311494038898,127.61604403460494,False,1.0
IBM,20-49,,2009;2015,2,123.34685840927318,127.32978750348914,False,1.0
IBM,20-49,,2009;2016,2,123.3527476098607,127.33567670407666,False,1.0
IBM,20-49,,2009;2017,2,124.37436196521585,128.35729105943182,False,1.0
IBM,20-49,,2009;2018,2,125.47988824465794,129.46281733887392,False,1.0
IBM,20-49,,2009;2019,2,126.11717085914299,130.10009995335895,False,1.0
IBM,20-49,,2010;2014,2,123.58243577810826,127.56536487232422,False,1.0
IBM,20-49,,2010;2015,2,123.33052595545017,127.31345504966613,False,1.0
IBM,20-49,,2010;2016,2,123.36252400490359,127.34545309911955,False,1.0
IBM,20-49,,2010;2017,2,124.37204234559141,128.35497143980737,False,1.0
IBM,20-49,,2010;2018,2,125.38072377687398,129.36365287108995,False,1.0
IBM,20-49,,2010;2019,2,125.90147475560813,129.8844038498241,False,1.0
IBM,20-49,,2011;2015,2,123.22678135711774,127.2097104513337,False,1.0
IBM,20-49,,2011;2016,2,123.32961972464483,127.31254881886079,False,1.0
IBM,20-49,,2011;2017,2,124.36869020843483,128.3516193026508,False,1.0
IBM,20-49,,2011;2018,2,125.29333807017292,129.27626716438888,False,1.0
IBM,20-49,,2011;2019,2,125.7013451815565,129.68427427577248,False,1.0
IBM,20-49,,2012;2016,2,123.42651031381334,127.4094394080293,False,1.0
IBM,20-49,,2012;2017,2,124.28903645291349,128.27196554712947,False,1.0
IBM,20-49,,2012;2018,2,124.93372890772105,128.916658001937,False,1.0
IBM,20-49,,2012;2019,2,125.1163797171637,129.09930881137967,False,1.0
IBM,20-49,,2013;2017,2,124.2122445565599,128.19517365077587,False,1.0
IBM,20-49,,2013;2018,2,124.61975274924195,128.60268184345793,False,1.0
IBM,20-49,,2013;2019,2,124.61682567449557,128.59975476871153,False,1.0
IBM,20-49,,2014;2018,2,123.98226617500033,127.9651952692163,False,1.0
IBM,20-49,,2014;2019,2,123.76358544426951,127.74651453848547,False,1.0
IBM,20-49,,2015;2019,2,122.76688538553968,126.74981447975564,False,1.0
IBM,50-64,,None,0,148.16489782180454,150.15636236891254,False,1.1272825252913468
IBM,50-64,,2008,1,140.97422917558,143.96142599624199,False,1.0
IBM,50-64,,2009,1,138.77560957847814,141.76280639914012,False,1.0
IBM,50-64,,2010,1,138.36149651535797,141.34869333601995,True,1.0
IBM,50-64,,2011,1,138.58062011988352,141.5678169405455,False,1.0
IBM,50-64,,2012,1,138.97684117286295,141.96403799352493,False,1.0
IBM,50-64,,2013,1,139.5598660743062,142.54706289496818,False,1.0
IBM,50-64,,2014,1,139.8935404867263,142.88073730738827,False,1.0
IBM,50-64,,2015,1,140.61551693245488,143.60271375311686,False,1.0
IBM,50-64,,2016,1,141.81492397409127,144.80212079475325,False,1.0
IBM,50-64,,2017,1,141.68903629904807,144.67623311971005,False,1.0
IBM,50-64,,2018,1,141.812417991012,144.799614811674,False,1.0
IBM,50-64,,2019,1,143.64699145558237,146.63418827624434,False,1.0
IBM,50-64,,2008;2012,2,140.59232581819654,144.5752549124125,False,1.0
IBM,50-64,,2008;2013,2,140.65666898278172,144.6395980769977,False,1.0
IBM,50-64,,2008;2014,2,140.49139799694115,144.4743270911571,False,1.0
IBM,50-64,,2008;2015,2,140.55504563939826,144.53797473361422,False,1.0
IBM,50-64,,2008;2016,2,140.89297750234945,144.87590659656541,False,1.0
IBM,50-64,,2008;2017,2,140.4005346708542,144.38346376507016,False,1.0
IBM,50-64,,2008;2018,2,140.0360486881071,144.01897778232305,False,1.0
IBM,50-64,,2008;2019,2,140.77594237386992,144.75887146808589,False,1.0
IBM,50-64,,2009;2013,2,140.00563185168016,143.98856094589613,False,1.0
IBM,50-64,,2009;2014,2,139.75906071052685,143.74198980474281,False,1.0
IBM,50-64,,2009;2015,2,139.68427475389294,143.6672038481089,False,1.0
IBM,50-64,,2009;2016,2,139.82123296446494,143.8041620586809,False,1.0
IBM,50-64,,2009;2017,2,139.340083811483,143.32301290569896,False,1.0
IBM,50-64,,2009;2018,2,138.93036089948149,142.91328999369745,False,1.0
IBM,50-64,,2009;2019,2,139.42060857154834,143.4035376657643,False,1.0
IBM,50-64,,2010;2014,2,139.93907641443013,143.9220055086461,False,1.0
IBM,50-64,,2010;2015,2,139.84746045929464,143.8303895535106,False,1.0
IBM,50-64,,2010;2016,2,139.9128975428912,143.89582663710715,False,1.0
IBM,50-64,,2010;2017,2,139.48804163364474,143.4709707278607,False,1.0
IBM,50-64,,2010;2018,2,139.08903336272763,143.0719624569436,False,1.0
IBM,50-64,,2010;2019,2,139.45641205514391,143.43934114935988,False,1.0
IBM,50-64,,2011;2015,2,140.36566943724196,144.34859853145792,False,1.0
IBM,50-64,,2011;2016,2,140.40151228358332,144.38444137779928,False,1.0
IBM,50-64,,2011;2017,2,140.0491207871534,144.03204988136937,False,1.0
IBM,50-64,,2011;2018,2,139.67907835769424,143.6620074519102,False,1.0
IBM,50-64,,2011;2019,2,139.97145717805077,143.95438627226673,False,1.0
IBM,50-64,,2012;2016,2,140.94266849162454,144.9255975858405,False,1.0
IBM,50-64,,2012;2017,2,140.68537002194782,144.66829911616378,False,1.0
IBM,50-64,,2012;2018,2,140.35638527435296,144.33931436856892,False,1.0
IBM,50-64,,2012;2019,2,140.59202198016987,144.57495107438584,False,1.0
IBM,50-64,,2013;2017,2,141.41440031854145,145.39732941275741,False,1.0
IBM,50-64,,2013;2018,2,141.13180821707087,145.11473731128683,False,1.0
IBM,50-64,,2013;2019,2,141.33159681983764,145.3145259140536,False,1.0
IBM,50-64,,2014;2018,2,141.67050370304128,145.65343279725724,False,1.0
IBM,50-64,,2014;2019,2,141.81044865886955,145.7933777530855,False,1.0
IBM,50-64,,2015;2019,2,142.5931131307478,146.57604222496377,False,1.0
IBM,65+,,None,0,162.73481501087696,164.72627955798495,False,1.3036081198342742
IBM,65+,,2008,1,162.37269329757254,165.35989011823452,False,1.237930863786774
IBM,65+,,2009,1,160.7168950706503,163.7040918913123,False,1.1425436377041673
IBM,65+,,2010,1,159.96011351051783,162.9473103311798,False,1.0975960115366759
IBM,65+,,2011,1,159.4664163317367,162.45361315239867,False,1.0666978358905266
IBM,65+,,2012,1,159.63305574161416,162.62025256227614,False,1.0740677490711783
IBM,65+,,2013,1,158.76058498957013,161.7477818102321,False,1.0243990946073058
IBM,65+,,2014,1,158.9274246734612,161.91462149412317,False,1.035839887810456
IBM,65+,,2015,1,158.62579179065278,161.61298861131476,False,1.0193467897428972
IBM,65+,,2016,1,157.7733845008019,160.7605813214639,False,1.0
IBM,65+,,2017,1,156.21693844441376,159.20413526507573,True,1.0
IBM,65+,,2018,1,156.27945586783238,159.26665268849436,False,1.0
IBM,65+,,2019,1,156.6083165926621,159.59551341332408,False,1.0
IBM,65+,,2008;2012,2,161.40439596974187,165.38732506395783,False,1.1257913161439417
IBM,65+,,2008;2013,2,160.5733946721371,164.55632376635307,False,1.0768900953423761
IBM,65+,,2008;2014,2,160.89919418824405,164.88212328246001,False,1.0990360006560935
IBM,65+,,2008;2015,2,160.6248624272202,164.60779152143616,False,1.0830684712922753
IBM,65+,,2008;2016,2,159.77285450746786,163.75578360168382,False,1.0307276230794904
IBM,65+,,2008;2017,2,158.21638862385026,162.19931771806623,False,1.0
IBM,65+,,2008;2018,2,158.2346599347162,162.21758902893217,False,1.0
IBM,65+,,2008;2019,2,158.43894310494937,162.42187219916534,False,1.0
IBM,65+,,2009;2013,2,160.76015537118406,164.74308446540002,False,1.0883992423692364
IBM,65+,,2009;2014,2,160.86689548579972,164.84982458001568,False,1.096575302052575
IBM,65+,,2009;2015,2,160.493408417075,164.47633751129095,False,1.0740783188687852
IBM,65+,,2009;2016,2,159.62164406257835,163.60457315679432,False,1.020143835931787
IBM,65+,,2009;2017,2,158.08710572251215,162.0700348167281,False,1.0
IBM,65+,,2009;2018,2,157.96646285953688,161.94939195375284,False,1.0
IBM,65+,,2009;2019,2,158.01005274468315,161.9929818388991,False,1.0
IBM,65+,,2010;2014,2,160.8317394664665,164.81466856068246,False,1.0943716817332072
IBM,65+,,2010;2015,2,160.44951022554562,164.43243931976158,False,1.0712247770213963
IBM,65+,,2010;2016,2,159.59258313317196,163.57551222738792,False,1.0181679491568725
IBM,65+,,2010;2017,2,158.0782256827286,162.06115477694456,False,1.0
IBM,65+,,2010;2018,2,157.92772793921876,161.91065703343472,False,1.0
IBM,65+,,2010;2019,2,157.92037661455566,161.90330570877163,False,1.0
IBM,65+,,2011;2015,2,160.46723870216073,164.4501677963767,False,1.071845804990442
IBM,65+,,2011;2016,2,159.6307589923734,163.61368808658935,False,1.0202312356058942
IBM,65+,,2011;2017,2,158.12806142189777,162.11099051611373,False,1.0
IBM,65+,,2011;2018,2,157.98111166385343,161.9640407580694,False,1.0
IBM,65+,,2011;2019,2,157.95394853632718,161.93687763054314,False,1.0
IBM,65+,,2012;2016,2,159.76821567744804,163.751144771664,False,1.0300782165485205
IBM,65+,,2012;2017,2,158.21681814944174,162.1997472436577,False,1.0
IBM,65+,,2012;2018,2,158.19348628371768,162.17641537793364,False,1.0
IBM,65+,,2012;2019,2,158.24606916162912,162.22899825584508,False,1.0
IBM,65+,,2013;2017,2,158.21678844810123,162.1997175423172,False,1.0
IBM,65+,,2013;2018,2,158.16094464518983,162.1438737394058,False,1.0
IBM,65+,,2013;2019,2,158.15103141817713,162.1339605123931,False,1.0
IBM,65+,,2014;2018,2,158.27858416088503,162.261513255101,False,1.0
IBM,65+,,2014;2019,2,158.41708322988688,162.40001232410285,False,1.0
IBM,65+,,2015;2019,2,158.51216925866487,162.49509835288083,False,1.0
