year_raw,age_raw,Count,Population,year,age_mid,age_band,age_group,birth_year,birth_cohort,period_group
1975-2023,20-24 years,19.0,80725621.0,1975,22.0,20-34,20-49,1953,1950-1959,1975-1979
1975-2023,25-29 years,48.0,84794481.0,1975,27.0,20-34,20-49,1948,1940-1949,1975-1979
1975-2023,30-34 years,90.0,85121608.0,1975,32.0,20-34,20-49,1943,1940-1949,1975-1979
1975-2023,35-39 years,184.0,80894511.0,1975,37.0,35-49,20-49,1938,1930-1939,1975-1979
1975-2023,40-44 years,247.0,75530380.0,1975,42.0,35-49,20-49,1933,1930-1939,1975-1979
1975-2023,45-49 years,363.0,69834543.0,1975,47.0,35-49,20-49,1928,<1930,1975-1979
1975-2023,50-54 years,502.0,65083963.0,1975,52.0,50-64,50-64,1923,<1930,1975-1979
1975-2023,55-59 years,567.0,58847785.0,1975,57.0,50-64,50-64,1918,<1930,1975-1979
1975-2023,60-64 years,584.0,51043113.0,1975,62.0,50-64,50-64,1913,<1930,1975-1979
1975-2023,65-69 years,585.0,42485368.0,1975,67.0,65-84,65-84,1908,<1930,1975-1979
1975-2023,70-74 years,532.0,33552565.0,1975,72.0,65-84,65-84,1903,<1930,1975-1979
1975-2023,75-79 years,405.0,25167221.0,1975,77.0,65-84,65-84,1898,<1930,1975-1979
1975-2023,80-84 years,285.0,17348148.0,1975,82.0,65-84,65-84,1893,<1930,1975-1979
1975,20-24 years,0.0,1492496.0,1975,22.0,20-34,20-49,1953,1950-1959,1975-1979
1975,25-29 years,0.0,1399469.0,1975,27.0,20-34,20-49,1948,1940-1949,1975-1979
1975,30-34 years,0.0,1149120.0,1975,32.0,20-34,20-49,1943,1940-1949,1975-1979
1975,35-39 years,1.0,915080.0,1975,37.0,35-49,20-49,1938,1930-1939,1975-1979
1975,40-44 years,1.0,856795.0,1975,42.0,35-49,20-49,1933,1930-1939,1975-1979
1975,45-49 years,1.0,889398.0,1975,47.0,35-49,20-49,1928,<1930,1975-1979
1975,50-54 years,5.0,907621.0,1975,52.0,50-64,50-64,1923,<1930,1975-1979
1975,55-59 years,2.0,795794.0,1975,57.0,50-64,50-64,1918,<1930,1975-1979
1975,60-64 years,8.0,675847.0,1975,62.0,50-64,50-64,1913,<1930,1975-1979
1975,65-69 years,4.0,550817.0,1975,67.0,65-84,65-84,1908,<1930,1975-1979
1975,70-74 years,2.0,414765.0,1975,72.0,65-84,65-84,1903,<1930,1975-1979
1975,75-79 years,1.0,299679.0,1975,77.0,65-84,65-84,1898,<1930,1975-1979
1975,80-84 years,3.0,202376.0,1975,82.0,65-84,65-84,1893,<1930,1975-1979
1976,20-24 years,1.0,1531844.0,1976,22.0,20-34,20-49,1954,1950-1959,1975-1979
1976,25-29 years,0.0,1480579.0,1976,27.0,20-34,20-49,1949,1940-1949,1975-1979
1976,30-34 years,0.0,1178165.0,1976,32.0,20-34,20-49,1944,1940-1949,1975-1979
1976,35-39 years,0.0,945016.0,1976,37.0,35-49,20-49,1939,1930-1939,1975-1979
1976,40-44 years,1.0,857843.0,1976,42.0,35-49,20-49,1934,1930-1939,1975-1979
1976,45-49 years,1.0,880696.0,1976,47.0,35-49,20-49,1929,<1930,1975-1979
1976,50-54 years,1.0,905494.0,1976,52.0,50-64,50-64,1924,<1930,1975-1979
1976,55-59 years,3.0,811406.0,1976,57.0,50-64,50-64,1919,<1930,1975-1979
1976,60-64 years,4.0,689528.0,1976,62.0,50-64,50-64,1914,<1930,1975-1979
1976,65-69 years,6.0,565898.0,1976,67.0,65-84,65-84,1909,<1930,1975-1979
1976,70-74 years,5.0,428022.0,1976,72.0,65-84,65-84,1904,<1930,1975-1979
1976,75-79 years,3.0,302710.0,1976,77.0,65-84,65-84,1899,<1930,1975-1979
1976,80-84 years,4.0,204713.0,1976,82.0,65-84,65-84,1894,<1930,1975-1979
1977,20-24 years,0.0,1574631.0,1977,22.0,20-34,20-49,1955,1950-1959,1975-1979
1977,25-29 years,0.0,1480798.0,1977,27.0,20-34,20-49,1950,1950-1959,1975-1979
1977,30-34 years,0.0,1282465.0,1977,32.0,20-34,20-49,1945,1940-1949,1975-1979
1977,35-39 years,4.0,984281.0,1977,37.0,35-49,20-49,1940,1940-1949,1975-1979
1977,40-44 years,2.0,863835.0,1977,42.0,35-49,20-49,1935,1930-1939,1975-1979
1977,45-49 years,3.0,870198.0,1977,47.0,35-49,20-49,1930,1930-1939,1975-1979
1977,50-54 years,1.0,895405.0,1977,52.0,50-64,50-64,1925,<1930,1975-1979
1977,55-59 years,5.0,826615.0,1977,57.0,50-64,50-64,1920,<1930,1975-1979
1977,60-64 years,2.0,702722.0,1977,62.0,50-64,50-64,1915,<1930,1975-1979
1977,65-69 years,3.0,580946.0,1977,67.0,65-84,65-84,1910,<1930,1975-1979
1977,70-74 years,2.0,439466.0,1977,72.0,65-84,65-84,1905,<1930,1975-1979
1977,75-79 years,4.0,309805.0,1977,77.0,65-84,65-84,1900,<1930,1975-1979
1977,80-84 years,1.0,208524.0,1977,82.0,65-84,65-84,1895,<1930,1975-1979
1978,20-24 years,0.0,1611016.0,1978,22.0,20-34,20-49,1956,1950-1959,1975-1979
1978,25-29 years,0.0,1514139.0,1978,27.0,20-34,20-49,1951,1950-1959,1975-1979
1978,30-34 years,0.0,1332713.0,1978,32.0,20-34,20-49,1946,1940-1949,1975-1979
1978,35-39 years,1.0,1048959.0,1978,37.0,35-49,20-49,1941,1940-1949,1975-1979
1978,40-44 years,1.0,876754.0,1978,42.0,35-49,20-49,1936,1930-1939,1975-1979
1978,45-49 years,3.0,860392.0,1978,47.0,35-49,20-49,1931,1930-1939,1975-1979
1978,50-54 years,3.0,888870.0,1978,52.0,50-64,50-64,1926,<1930,1975-1979
1978,55-59 years,6.0,842373.0,1978,57.0,50-64,50-64,1921,<1930,1975-1979
1978,60-64 years,1.0,716420.0,1978,62.0,50-64,50-64,1916,<1930,1975-1979
1978,65-69 years,4.0,594536.0,1978,67.0,65-84,65-84,1911,<1930,1975-1979
1978,70-74 years,3.0,452522.0,1978,72.0,65-84,65-84,1906,<1930,1975-1979
1978,75-79 years,2.0,318843.0,1978,77.0,65-84,65-84,1901,<1930,1975-1979
1978,80-84 years,2.0,211624.0,1978,82.0,65-84,65-84,1896,<1930,1975-1979
1979,20-24 years,1.0,1642670.0,1979,22.0,20-34,20-49,1957,1950-1959,1975-1979
1979,25-29 years,0.0,1555980.0,1979,27.0,20-34,20-49,1952,1950-1959,1975-1979
1979,30-34 years,2.0,1399732.0,1979,32.0,20-34,20-49,1947,1940-1949,1975-1979
1979,35-39 years,1.0,1098777.0,1979,37.0,35-49,20-49,1942,1940-1949,1975-1979
1979,40-44 years,1.0,895918.0,1979,42.0,35-49,20-49,1937,1930-1939,1975-1979
1979,45-49 years,3.0,851438.0,1979,47.0,35-49,20-49,1932,1930-1939,1975-1979
1979,50-54 years,3.0,880330.0,1979,52.0,50-64,50-64,1927,<1930,1975-1979
1979,55-59 years,4.0,859512.0,1979,57.0,50-64,50-64,1922,<1930,1975-1979
1979,60-64 years,4.0,731333.0,1979,62.0,50-64,50-64,1917,<1930,1975-1979
1979,65-69 years,4.0,611128.0,1979,67.0,65-84,65-84,1912,<1930,1975-1979
1979,70-74 years,7.0,463684.0,1979,72.0,65-84,65-84,1907,<1930,1975-1979
1979,75-79 years,3.0,330311.0,1979,77.0,65-84,65-84,1902,<1930,1975-1979
1979,80-84 years,1.0,213194.0,1979,82.0,65-84,65-84,1897,<1930,1975-1979
1980,20-24 years,0.0,1666635.0,1980,22.0,20-34,20-49,1958,1950-1959,1980-1984
1980,25-29 years,1.0,1609173.0,1980,27.0,20-34,20-49,1953,1950-1959,1980-1984
1980,30-34 years,0.0,1470495.0,1980,32.0,20-34,20-49,1948,1940-1949,1980-1984
1980,35-39 years,0.0,1145684.0,1980,37.0,35-49,20-49,1943,1940-1949,1980-1984
1980,40-44 years,1.0,917395.0,1980,42.0,35-49,20-49,1938,1930-1939,1980-1984
1980,45-49 years,0.0,842108.0,1980,47.0,35-49,20-49,1933,1930-1939,1980-1984
1980,50-54 years,4.0,878496.0,1980,52.0,50-64,50-64,1928,<1930,1980-1984
1980,55-59 years,4.0,872854.0,1980,57.0,50-64,50-64,1923,<1930,1980-1984
1980,60-64 years,0.0,748050.0,1980,62.0,50-64,50-64,1918,<1930,1980-1984
1980,65-69 years,8.0,625471.0,1980,67.0,65-84,65-84,1913,<1930,1980-1984
1980,70-74 years,3.0,476612.0,1980,72.0,65-84,65-84,1908,<1930,1980-1984
1980,75-79 years,2.0,339835.0,1980,77.0,65-84,65-84,1903,<1930,1980-1984
1980,80-84 years,1.0,217094.0,1980,82.0,65-84,65-84,1898,<1930,1980-1984
1981,20-24 years,0.0,1677448.0,1981,22.0,20-34,20-49,1959,1950-1959,1980-1984
1981,25-29 years,1.0,1651964.0,1981,27.0,20-34,20-49,1954,1950-1959,1980-1984
1981,30-34 years,0.0,1550730.0,1981,32.0,20-34,20-49,1949,1940-1949,1980-1984
1981,35-39 years,1.0,1174960.0,1981,37.0,35-49,20-49,1944,1940-1949,1980-1984
1981,40-44 years,0.0,947010.0,1981,42.0,35-49,20-49,1939,1930-1939,1980-1984
1981,45-49 years,0.0,841192.0,1981,47.0,35-49,20-49,1934,1930-1939,1980-1984
1981,50-54 years,3.0,874147.0,1981,52.0,50-64,50-64,1929,<1930,1980-1984
1981,55-59 years,3.0,866822.0,1981,57.0,50-64,50-64,1924,<1930,1980-1984
1981,60-64 years,5.0,766009.0,1981,62.0,50-64,50-64,1919,<1930,1980-1984
1981,65-69 years,1.0,636810.0,1981,67.0,65-84,65-84,1914,<1930,1980-1984
1981,70-74 years,7.0,490344.0,1981,72.0,65-84,65-84,1909,<1930,1980-1984
1981,75-79 years,5.0,349796.0,1981,77.0,65-84,65-84,1904,<1930,1980-1984
1981,80-84 years,1.0,221654.0,1981,82.0,65-84,65-84,1899,<1930,1980-1984
1982,20-24 years,0.0,1667741.0,1982,22.0,20-34,20-49,1960,1960-1969,1980-1984
1982,25-29 years,0.0,1695058.0,1982,27.0,20-34,20-49,1955,1950-1959,1980-1984
1982,30-34 years,2.0,1548753.0,1982,32.0,20-34,20-49,1950,1950-1959,1980-1984
1982,35-39 years,4.0,1275149.0,1982,37.0,35-49,20-49,1945,1940-1949,1980-1984
1982,40-44 years,1.0,985316.0,1982,42.0,35-49,20-49,1940,1940-1949,1980-1984
1982,45-49 years,3.0,845994.0,1982,47.0,35-49,20-49,1935,1930-1939,1980-1984
1982,50-54 years,2.0,862329.0,1982,52.0,50-64,50-64,1930,1930-1939,1980-1984
1982,55-59 years,6.0,855529.0,1982,57.0,50-64,50-64,1925,<1930,1980-1984
1982,60-64 years,5.0,779654.0,1982,62.0,50-64,50-64,1920,<1930,1980-1984
1982,65-69 years,4.0,648975.0,1982,67.0,65-84,65-84,1915,<1930,1980-1984
1982,70-74 years,4.0,503967.0,1982,72.0,65-84,65-84,1910,<1930,1980-1984
1982,75-79 years,2.0,359516.0,1982,77.0,65-84,65-84,1905,<1930,1980-1984
1982,80-84 years,2.0,227144.0,1982,82.0,65-84,65-84,1900,<1930,1980-1984
1983,20-24 years,0.0,1661721.0,1983,22.0,20-34,20-49,1961,1960-1969,1980-1984
1983,25-29 years,0.0,1728285.0,1983,27.0,20-34,20-49,1956,1950-1959,1980-1984
1983,30-34 years,1.0,1580284.0,1983,32.0,20-34,20-49,1951,1950-1959,1980-1984
1983,35-39 years,1.0,1324265.0,1983,37.0,35-49,20-49,1946,1940-1949,1980-1984
1983,40-44 years,1.0,1047609.0,1983,42.0,35-49,20-49,1941,1940-1949,1980-1984
1983,45-49 years,2.0,865483.0,1983,47.0,35-49,20-49,1936,1930-1939,1980-1984
1983,50-54 years,5.0,844933.0,1983,52.0,50-64,50-64,1931,1930-1939,1980-1984
1983,55-59 years,4.0,852943.0,1983,57.0,50-64,50-64,1926,<1930,1980-1984
1983,60-64 years,2.0,784542.0,1983,62.0,50-64,50-64,1921,<1930,1980-1984
1983,65-69 years,8.0,662016.0,1983,67.0,65-84,65-84,1916,<1930,1980-1984
1983,70-74 years,5.0,518114.0,1983,72.0,65-84,65-84,1911,<1930,1980-1984
1983,75-79 years,2.0,370511.0,1983,77.0,65-84,65-84,1906,<1930,1980-1984
1983,80-84 years,0.0,232939.0,1983,82.0,65-84,65-84,1901,<1930,1980-1984
1984,20-24 years,0.0,1654466.0,1984,22.0,20-34,20-49,1962,1960-1969,1980-1984
1984,25-29 years,1.0,1750870.0,1984,27.0,20-34,20-49,1957,1950-1959,1980-1984
1984,30-34 years,6.0,1619445.0,1984,32.0,20-34,20-49,1952,1950-1959,1980-1984
1984,35-39 years,1.0,1387757.0,1984,37.0,35-49,20-49,1947,1940-1949,1980-1984
1984,40-44 years,1.0,1097939.0,1984,42.0,35-49,20-49,1942,1940-1949,1980-1984
1984,45-49 years,3.0,888879.0,1984,47.0,35-49,20-49,1937,1930-1939,1980-1984
1984,50-54 years,1.0,832661.0,1984,52.0,50-64,50-64,1932,1930-1939,1980-1984
1984,55-59 years,2.0,844867.0,1984,57.0,50-64,50-64,1927,<1930,1980-1984
1984,60-64 years,5.0,794129.0,1984,62.0,50-64,50-64,1922,<1930,1980-1984
1984,65-69 years,3.0,672949.0,1984,67.0,65-84,65-84,1917,<1930,1980-1984
1984,70-74 years,4.0,529577.0,1984,72.0,65-84,65-84,1912,<1930,1980-1984
1984,75-79 years,2.0,381068.0,1984,77.0,65-84,65-84,1907,<1930,1980-1984
1984,80-84 years,4.0,239646.0,1984,82.0,65-84,65-84,1902,<1930,1980-1984
1985,20-24 years,0.0,1637415.0,1985,22.0,20-34,20-49,1963,1960-1969,1985-1989
1985,25-29 years,1.0,1762683.0,1985,27.0,20-34,20-49,1958,1950-1959,1985-1989
1985,30-34 years,0.0,1663956.0,1985,32.0,20-34,20-49,1953,1950-1959,1985-1989
1985,35-39 years,2.0,1450899.0,1985,37.0,35-49,20-49,1948,1940-1949,1985-1989
1985,40-44 years,3.0,1146031.0,1985,42.0,35-49,20-49,1943,1940-1949,1985-1989
1985,45-49 years,1.0,908430.0,1985,47.0,35-49,20-49,1938,1930-1939,1985-1989
1985,50-54 years,4.0,827439.0,1985,52.0,50-64,50-64,1933,1930-1939,1985-1989
1985,55-59 years,4.0,836044.0,1985,57.0,50-64,50-64,1928,<1930,1985-1989
1985,60-64 years,1.0,801497.0,1985,62.0,50-64,50-64,1923,<1930,1985-1989
1985,65-69 years,4.0,684585.0,1985,67.0,65-84,65-84,1918,<1930,1985-1989
1985,70-74 years,4.0,540430.0,1985,72.0,65-84,65-84,1913,<1930,1985-1989
1985,75-79 years,4.0,392553.0,1985,77.0,65-84,65-84,1908,<1930,1985-1989
1985,80-84 years,5.0,246553.0,1985,82.0,65-84,65-84,1903,<1930,1985-1989
1986,20-24 years,0.0,1601473.0,1986,22.0,20-34,20-49,1964,1960-1969,1985-1989
1986,25-29 years,0.0,1773800.0,1986,27.0,20-34,20-49,1959,1950-1959,1985-1989
1986,30-34 years,1.0,1702426.0,1986,32.0,20-34,20-49,1954,1950-1959,1985-1989
1986,35-39 years,1.0,1535389.0,1986,37.0,35-49,20-49,1949,1940-1949,1985-1989
1986,40-44 years,3.0,1181501.0,1986,42.0,35-49,20-49,1944,1940-1949,1985-1989
1986,45-49 years,2.0,934947.0,1986,47.0,35-49,20-49,1939,1930-1939,1985-1989
1986,50-54 years,2.0,823266.0,1986,52.0,50-64,50-64,1934,1930-1939,1985-1989
1986,55-59 years,2.0,829748.0,1986,57.0,50-64,50-64,1929,<1930,1985-1989
1986,60-64 years,4.0,796086.0,1986,62.0,50-64,50-64,1924,<1930,1985-1989
1986,65-69 years,4.0,701151.0,1986,67.0,65-84,65-84,1919,<1930,1985-1989
1986,70-74 years,6.0,548077.0,1986,72.0,65-84,65-84,1914,<1930,1985-1989
1986,75-79 years,2.0,403739.0,1986,77.0,65-84,65-84,1909,<1930,1985-1989
1986,80-84 years,5.0,254559.0,1986,82.0,65-84,65-84,1904,<1930,1985-1989
1987,20-24 years,1.0,1561982.0,1987,22.0,20-34,20-49,1965,1960-1969,1985-1989
1987,25-29 years,1.0,1767108.0,1987,27.0,20-34,20-49,1960,1960-1969,1985-1989
1987,30-34 years,1.0,1743588.0,1987,32.0,20-34,20-49,1955,1950-1959,1985-1989
1987,35-39 years,1.0,1541250.0,1987,37.0,35-49,20-49,1950,1950-1959,1985-1989
1987,40-44 years,3.0,1289495.0,1987,42.0,35-49,20-49,1945,1940-1949,1985-1989
1987,45-49 years,4.0,973267.0,1987,47.0,35-49,20-49,1940,1940-1949,1985-1989
1987,50-54 years,1.0,827790.0,1987,52.0,50-64,50-64,1935,1930-1939,1985-1989
1987,55-59 years,4.0,819915.0,1987,57.0,50-64,50-64,1930,1930-1939,1985-1989
1987,60-64 years,7.0,789099.0,1987,62.0,50-64,50-64,1925,<1930,1985-1989
1987,65-69 years,5.0,715192.0,1987,67.0,65-84,65-84,1920,<1930,1985-1989
1987,70-74 years,7.0,557361.0,1987,72.0,65-84,65-84,1915,<1930,1985-1989
1987,75-79 years,3.0,416403.0,1987,77.0,65-84,65-84,1910,<1930,1985-1989
1987,80-84 years,3.0,262068.0,1987,82.0,65-84,65-84,1905,<1930,1985-1989
1988,20-24 years,0.0,1525680.0,1988,22.0,20-34,20-49,1966,1960-1969,1985-1989
1988,25-29 years,0.0,1763191.0,1988,27.0,20-34,20-49,1961,1960-1969,1985-1989
1988,30-34 years,2.0,1774278.0,1988,32.0,20-34,20-49,1956,1950-1959,1985-1989
1988,35-39 years,2.0,1579864.0,1988,37.0,35-49,20-49,1951,1950-1959,1985-1989
1988,40-44 years,0.0,1347999.0,1988,42.0,35-49,20-49,1946,1940-1949,1985-1989
1988,45-49 years,1.0,1035181.0,1988,47.0,35-49,20-49,1941,1940-1949,1985-1989
1988,50-54 years,5.0,847794.0,1988,52.0,50-64,50-64,1936,1930-1939,1985-1989
1988,55-59 years,3.0,804691.0,1988,57.0,50-64,50-64,1931,1930-1939,1985-1989
1988,60-64 years,1.0,790746.0,1988,62.0,50-64,50-64,1926,<1930,1985-1989
1988,65-69 years,2.0,721536.0,1988,67.0,65-84,65-84,1921,<1930,1985-1989
1988,70-74 years,4.0,568886.0,1988,72.0,65-84,65-84,1916,<1930,1985-1989
1988,75-79 years,4.0,426949.0,1988,77.0,65-84,65-84,1911,<1930,1985-1989
1988,80-84 years,4.0,270630.0,1988,82.0,65-84,65-84,1906,<1930,1985-1989
1989,20-24 years,1.0,1500333.0,1989,22.0,20-34,20-49,1967,1960-1969,1985-1989
1989,25-29 years,0.0,1752163.0,1989,27.0,20-34,20-49,1962,1960-1969,1985-1989
1989,30-34 years,0.0,1788515.0,1989,32.0,20-34,20-49,1957,1950-1959,1985-1989
1989,35-39 years,4.0,1621943.0,1989,37.0,35-49,20-49,1952,1950-1959,1985-1989
1989,40-44 years,2.0,1416360.0,1989,42.0,35-49,20-49,1947,1940-1949,1985-1989
1989,45-49 years,3.0,1082982.0,1989,47.0,35-49,20-49,1942,1940-1949,1985-1989
1989,50-54 years,5.0,868594.0,1989,52.0,50-64,50-64,1937,1930-1939,1985-1989
1989,55-59 years,5.0,792438.0,1989,57.0,50-64,50-64,1932,1930-1939,1985-1989
1989,60-64 years,2.0,786320.0,1989,62.0,50-64,50-64,1927,<1930,1985-1989
1989,65-69 years,7.0,731313.0,1989,67.0,65-84,65-84,1922,<1930,1985-1989
1989,70-74 years,6.0,577972.0,1989,72.0,65-84,65-84,1917,<1930,1985-1989
1989,75-79 years,12.0,437186.0,1989,77.0,65-84,65-84,1912,<1930,1985-1989
1989,80-84 years,4.0,279170.0,1989,82.0,65-84,65-84,1907,<1930,1985-1989
1990,20-24 years,0.0,1495791.0,1990,22.0,20-34,20-49,1968,1960-1969,1990-1994
1990,25-29 years,0.0,1736464.0,1990,27.0,20-34,20-49,1963,1960-1969,1990-1994
1990,30-34 years,0.0,1803629.0,1990,32.0,20-34,20-49,1958,1950-1959,1990-1994
1990,35-39 years,2.0,1669135.0,1990,37.0,35-49,20-49,1953,1950-1959,1990-1994
1990,40-44 years,2.0,1489472.0,1990,42.0,35-49,20-49,1948,1940-1949,1990-1994
1990,45-49 years,0.0,1125706.0,1990,47.0,35-49,20-49,1943,1940-1949,1990-1994
1990,50-54 years,1.0,885562.0,1990,52.0,50-64,50-64,1938,1930-1939,1990-1994
1990,55-59 years,4.0,789940.0,1990,57.0,50-64,50-64,1933,1930-1939,1990-1994
1990,60-64 years,6.0,781259.0,1990,62.0,50-64,50-64,1928,<1930,1990-1994
1990,65-69 years,4.0,739062.0,1990,67.0,65-84,65-84,1923,<1930,1990-1994
1990,70-74 years,3.0,589500.0,1990,72.0,65-84,65-84,1918,<1930,1990-1994
1990,75-79 years,5.0,447646.0,1990,77.0,65-84,65-84,1913,<1930,1990-1994
1990,80-84 years,3.0,287991.0,1990,82.0,65-84,65-84,1908,<1930,1990-1994
1991,20-24 years,0.0,1494565.0,1991,22.0,20-34,20-49,1969,1960-1969,1990-1994
1991,25-29 years,0.0,1715750.0,1991,27.0,20-34,20-49,1964,1960-1969,1990-1994
1991,30-34 years,2.0,1839833.0,1991,32.0,20-34,20-49,1959,1950-1959,1990-1994
1991,35-39 years,4.0,1720941.0,1991,37.0,35-49,20-49,1954,1950-1959,1990-1994
1991,40-44 years,3.0,1569439.0,1991,42.0,35-49,20-49,1949,1940-1949,1990-1994
1991,45-49 years,4.0,1156126.0,1991,47.0,35-49,20-49,1944,1940-1949,1990-1994
1991,50-54 years,3.0,915604.0,1991,52.0,50-64,50-64,1939,1930-1939,1990-1994
1991,55-59 years,4.0,790567.0,1991,57.0,50-64,50-64,1934,1930-1939,1990-1994
1991,60-64 years,9.0,781849.0,1991,62.0,50-64,50-64,1929,<1930,1990-1994
1991,65-69 years,10.0,733756.0,1991,67.0,65-84,65-84,1924,<1930,1990-1994
1991,70-74 years,10.0,605651.0,1991,72.0,65-84,65-84,1919,<1930,1990-1994
1991,75-79 years,6.0,460758.0,1991,77.0,65-84,65-84,1914,<1930,1990-1994
1991,80-84 years,1.0,297057.0,1991,82.0,65-84,65-84,1909,<1930,1990-1994
1992,20-24 years,2.0,1490389.0,1992,22.0,20-34,20-49,1970,1970-1979,1990-1994
1992,25-29 years,0.0,1689712.0,1992,27.0,20-34,20-49,1965,1960-1969,1990-1994
1992,30-34 years,3.0,1865033.0,1992,32.0,20-34,20-49,1960,1960-1969,1990-1994
1992,35-39 years,6.0,1773947.0,1992,37.0,35-49,20-49,1955,1950-1959,1990-1994
1992,40-44 years,4.0,1575606.0,1992,42.0,35-49,20-49,1950,1950-1959,1990-1994
1992,45-49 years,4.0,1268299.0,1992,47.0,35-49,20-49,1945,1940-1949,1990-1994
1992,50-54 years,3.0,956989.0,1992,52.0,50-64,50-64,1940,1940-1949,1990-1994
1992,55-59 years,10.0,800947.0,1992,57.0,50-64,50-64,1935,1930-1939,1990-1994
1992,60-64 years,5.0,776225.0,1992,62.0,50-64,50-64,1930,1930-1939,1990-1994
1992,65-69 years,8.0,728457.0,1992,67.0,65-84,65-84,1925,<1930,1990-1994
1992,70-74 years,4.0,622764.0,1992,72.0,65-84,65-84,1920,<1930,1990-1994
1992,75-79 years,3.0,471753.0,1992,77.0,65-84,65-84,1915,<1930,1990-1994
1992,80-84 years,5.0,308069.0,1992,82.0,65-84,65-84,1910,<1930,1990-1994
1993,20-24 years,0.0,1478062.0,1993,22.0,20-34,20-49,1971,1970-1979,1990-1994
1993,25-29 years,2.0,1660521.0,1993,27.0,20-34,20-49,1966,1960-1969,1990-1994
1993,30-34 years,4.0,1878647.0,1993,32.0,20-34,20-49,1961,1960-1969,1990-1994
1993,35-39 years,6.0,1815645.0,1993,37.0,35-49,20-49,1956,1950-1959,1990-1994
1993,40-44 years,1.0,1609583.0,1993,42.0,35-49,20-49,1951,1950-1959,1990-1994
1993,45-49 years,4.0,1321506.0,1993,47.0,35-49,20-49,1946,1940-1949,1990-1994
1993,50-54 years,4.0,1020475.0,1993,52.0,50-64,50-64,1941,1940-1949,1990-1994
1993,55-59 years,6.0,820810.0,1993,57.0,50-64,50-64,1936,1930-1939,1990-1994
1993,60-64 years,9.0,764792.0,1993,62.0,50-64,50-64,1931,1930-1939,1990-1994
1993,65-69 years,6.0,730378.0,1993,67.0,65-84,65-84,1926,<1930,1990-1994
1993,70-74 years,7.0,633489.0,1993,72.0,65-84,65-84,1921,<1930,1990-1994
1993,75-79 years,4.0,481831.0,1993,77.0,65-84,65-84,1916,<1930,1990-1994
1993,80-84 years,4.0,318329.0,1993,82.0,65-84,65-84,1911,<1930,1990-1994
1994,20-24 years,0.0,1460910.0,1994,22.0,20-34,20-49,1972,1970-1979,1990-1994
1994,25-29 years,0.0,1638127.0,1994,27.0,20-34,20-49,1967,1960-1969,1990-1994
1994,30-34 years,1.0,1884927.0,1994,32.0,20-34,20-49,1962,1960-1969,1990-1994
1994,35-39 years,2.0,1846357.0,1994,37.0,35-49,20-49,1957,1950-1959,1990-1994
1994,40-44 years,5.0,1650634.0,1994,42.0,35-49,20-49,1952,1950-1959,1990-1994
1994,45-49 years,5.0,1386119.0,1994,47.0,35-49,20-49,1947,1940-1949,1990-1994
1994,50-54 years,4.0,1069422.0,1994,52.0,50-64,50-64,1942,1940-1949,1990-1994
1994,55-59 years,8.0,844356.0,1994,57.0,50-64,50-64,1937,1930-1939,1990-1994
1994,60-64 years,4.0,755795.0,1994,62.0,50-64,50-64,1932,1930-1939,1990-1994
1994,65-69 years,8.0,727637.0,1994,67.0,65-84,65-84,1927,<1930,1990-1994
1994,70-74 years,6.0,641663.0,1994,72.0,65-84,65-84,1922,<1930,1990-1994
1994,75-79 years,5.0,492736.0,1994,77.0,65-84,65-84,1917,<1930,1990-1994
1994,80-84 years,2.0,328332.0,1994,82.0,65-84,65-84,1912,<1930,1990-1994
1995,20-24 years,0.0,1447259.0,1995,22.0,20-34,20-49,1973,1970-1979,1995-1999
1995,25-29 years,1.0,1635928.0,1995,27.0,20-34,20-49,1968,1960-1969,1995-1999
1995,30-34 years,1.0,1872806.0,1995,32.0,20-34,20-49,1963,1960-1969,1995-1999
1995,35-39 years,2.0,1873590.0,1995,37.0,35-49,20-49,1958,1950-1959,1995-1999
1995,40-44 years,4.0,1692310.0,1995,42.0,35-49,20-49,1953,1950-1959,1995-1999
1995,45-49 years,7.0,1454179.0,1995,47.0,35-49,20-49,1948,1940-1949,1995-1999
1995,50-54 years,6.0,1117439.0,1995,52.0,50-64,50-64,1943,1940-1949,1995-1999
1995,55-59 years,5.0,861210.0,1995,57.0,50-64,50-64,1938,1930-1939,1995-1999
1995,60-64 years,3.0,756040.0,1995,62.0,50-64,50-64,1933,1930-1939,1995-1999
1995,65-69 years,5.0,724999.0,1995,67.0,65-84,65-84,1928,<1930,1995-1999
1995,70-74 years,10.0,648108.0,1995,72.0,65-84,65-84,1923,<1930,1995-1999
1995,75-79 years,6.0,503605.0,1995,77.0,65-84,65-84,1918,<1930,1995-1999
1995,80-84 years,6.0,339163.0,1995,82.0,65-84,65-84,1913,<1930,1995-1999
1996,20-24 years,1.0,1429370.0,1996,22.0,20-34,20-49,1974,1970-1979,1995-1999
1996,25-29 years,0.0,1650847.0,1996,27.0,20-34,20-49,1969,1960-1969,1995-1999
1996,30-34 years,2.0,1844000.0,1996,32.0,20-34,20-49,1964,1960-1969,1995-1999
1996,35-39 years,3.0,1895472.0,1996,37.0,35-49,20-49,1959,1950-1959,1995-1999
1996,40-44 years,6.0,1733772.0,1996,42.0,35-49,20-49,1954,1950-1959,1995-1999
1996,45-49 years,5.0,1534518.0,1996,47.0,35-49,20-49,1949,1940-1949,1995-1999
1996,50-54 years,3.0,1151622.0,1996,52.0,50-64,50-64,1944,1940-1949,1995-1999
1996,55-59 years,4.0,887875.0,1996,57.0,50-64,50-64,1939,1930-1939,1995-1999
1996,60-64 years,4.0,754358.0,1996,62.0,50-64,50-64,1934,1930-1939,1995-1999
1996,65-69 years,2.0,724497.0,1996,67.0,65-84,65-84,1929,<1930,1995-1999
1996,70-74 years,5.0,644403.0,1996,72.0,65-84,65-84,1924,<1930,1995-1999
1996,75-79 years,7.0,518690.0,1996,77.0,65-84,65-84,1919,<1930,1995-1999
1996,80-84 years,1.0,349228.0,1996,82.0,65-84,65-84,1914,<1930,1995-1999
1997,20-24 years,0.0,1448137.0,1997,22.0,20-34,20-49,1975,1970-1979,1995-1999
1997,25-29 years,0.0,1658614.0,1997,27.0,20-34,20-49,1970,1970-1979,1995-1999
1997,30-34 years,1.0,1810916.0,1997,32.0,20-34,20-49,1965,1960-1969,1995-1999
1997,35-39 years,0.0,1906716.0,1997,37.0,35-49,20-49,1960,1960-1969,1995-1999
1997,40-44 years,5.0,1776991.0,1997,42.0,35-49,20-49,1955,1950-1959,1995-1999
1997,45-49 years,5.0,1545822.0,1997,47.0,35-49,20-49,1950,1950-1959,1995-1999
1997,50-54 years,3.0,1266347.0,1997,52.0,50-64,50-64,1945,1940-1949,1995-1999
1997,55-59 years,4.0,925373.0,1997,57.0,50-64,50-64,1940,1940-1949,1995-1999
1997,60-64 years,8.0,762313.0,1997,62.0,50-64,50-64,1935,1930-1939,1995-1999
1997,65-69 years,6.0,715897.0,1997,67.0,65-84,65-84,1930,1930-1939,1995-1999
1997,70-74 years,11.0,640198.0,1997,72.0,65-84,65-84,1925,<1930,1995-1999
1997,75-79 years,7.0,533380.0,1997,77.0,65-84,65-84,1920,<1930,1995-1999
1997,80-84 years,4.0,357509.0,1997,82.0,65-84,65-84,1915,<1930,1995-1999
1998,20-24 years,0.0,1479489.0,1998,22.0,20-34,20-49,1976,1970-1979,1995-1999
1998,25-29 years,1.0,1658428.0,1998,27.0,20-34,20-49,1971,1970-1979,1995-1999
1998,30-34 years,1.0,1775976.0,1998,32.0,20-34,20-49,1966,1960-1969,1995-1999
1998,35-39 years,3.0,1908809.0,1998,37.0,35-49,20-49,1961,1960-1969,1995-1999
1998,40-44 years,8.0,1810624.0,1998,42.0,35-49,20-49,1956,1950-1959,1995-1999
1998,45-49 years,6.0,1584952.0,1998,47.0,35-49,20-49,1951,1950-1959,1995-1999
1998,50-54 years,9.0,1324838.0,1998,52.0,50-64,50-64,1946,1940-1949,1995-1999
1998,55-59 years,4.0,984249.0,1998,57.0,50-64,50-64,1941,1940-1949,1995-1999
1998,60-64 years,4.0,780495.0,1998,62.0,50-64,50-64,1936,1930-1939,1995-1999
1998,65-69 years,9.0,702660.0,1998,67.0,65-84,65-84,1931,1930-1939,1995-1999
1998,70-74 years,9.0,642340.0,1998,72.0,65-84,65-84,1926,<1930,1995-1999
1998,75-79 years,6.0,542140.0,1998,77.0,65-84,65-84,1921,<1930,1995-1999
1998,80-84 years,4.0,365908.0,1998,82.0,65-84,65-84,1916,<1930,1995-1999
1999,20-24 years,0.0,1521085.0,1999,22.0,20-34,20-49,1977,1970-1979,1995-1999
1999,25-29 years,1.0,1649551.0,1999,27.0,20-34,20-49,1972,1970-1979,1995-1999
1999,30-34 years,0.0,1746026.0,1999,32.0,20-34,20-49,1967,1960-1969,1995-1999
1999,35-39 years,2.0,1899883.0,1999,37.0,35-49,20-49,1962,1960-1969,1995-1999
1999,40-44 years,4.0,1829451.0,1999,42.0,35-49,20-49,1957,1950-1959,1995-1999
1999,45-49 years,12.0,1627720.0,1999,47.0,35-49,20-49,1952,1950-1959,1995-1999
1999,50-54 years,11.0,1392045.0,1999,52.0,50-64,50-64,1947,1940-1949,1995-1999
1999,55-59 years,6.0,1027694.0,1999,57.0,50-64,50-64,1942,1940-1949,1995-1999
1999,60-64 years,7.0,799506.0,1999,62.0,50-64,50-64,1937,1930-1939,1995-1999
1999,65-69 years,8.0,693380.0,1999,67.0,65-84,65-84,1932,1930-1939,1995-1999
1999,70-74 years,10.0,642459.0,1999,72.0,65-84,65-84,1927,<1930,1995-1999
1999,75-79 years,6.0,549979.0,1999,77.0,65-84,65-84,1922,<1930,1995-1999
1999,80-84 years,8.0,374273.0,1999,82.0,65-84,65-84,1917,<1930,1995-1999
2000,20-24 years,0.0,1570416.0,2000,22.0,20-34,20-49,1978,1970-1979,2000-2004
2000,25-29 years,1.0,1639888.0,2000,27.0,20-34,20-49,1973,1970-1979,2000-2004
2000,30-34 years,2.0,1740257.0,2000,32.0,20-34,20-49,1968,1960-1969,2000-2004
2000,35-39 years,1.0,1878822.0,2000,37.0,35-49,20-49,1963,1960-1969,2000-2004
2000,40-44 years,4.0,1849205.0,2000,42.0,35-49,20-49,1958,1950-1959,2000-2004
2000,45-49 years,6.0,1671514.0,2000,47.0,35-49,20-49,1953,1950-1959,2000-2004
2000,50-54 years,10.0,1462565.0,2000,52.0,50-64,50-64,1948,1940-1949,2000-2004
2000,55-59 years,9.0,1069730.0,2000,57.0,50-64,50-64,1943,1940-1949,2000-2004
2000,60-64 years,8.0,812409.0,2000,62.0,50-64,50-64,1938,1930-1939,2000-2004
2000,65-69 years,6.0,692335.0,2000,67.0,65-84,65-84,1933,1930-1939,2000-2004
2000,70-74 years,8.0,642230.0,2000,72.0,65-84,65-84,1928,<1930,2000-2004
2000,75-79 years,5.0,556542.0,2000,77.0,65-84,65-84,1923,<1930,2000-2004
2000,80-84 years,3.0,383164.0,2000,82.0,65-84,65-84,1918,<1930,2000-2004
2001,20-24 years,1.0,1618777.0,2001,22.0,20-34,20-49,1979,1970-1979,2000-2004
2001,25-29 years,0.0,1608981.0,2001,27.0,20-34,20-49,1974,1970-1979,2000-2004
2001,30-34 years,2.0,1759619.0,2001,32.0,20-34,20-49,1969,1960-1969,2000-2004
2001,35-39 years,0.0,1842827.0,2001,37.0,35-49,20-49,1964,1960-1969,2000-2004
2001,40-44 years,4.0,1868565.0,2001,42.0,35-49,20-49,1959,1950-1959,2000-2004
2001,45-49 years,11.0,1706541.0,2001,47.0,35-49,20-49,1954,1950-1959,2000-2004
2001,50-54 years,12.0,1532961.0,2001,52.0,50-64,50-64,1949,1940-1949,2000-2004
2001,55-59 years,5.0,1109737.0,2001,57.0,50-64,50-64,1944,1940-1949,2000-2004
2001,60-64 years,10.0,835608.0,2001,62.0,50-64,50-64,1939,1930-1939,2000-2004
2001,65-69 years,6.0,692831.0,2001,67.0,65-84,65-84,1934,1930-1939,2000-2004
2001,70-74 years,12.0,638449.0,2001,72.0,65-84,65-84,1929,<1930,2000-2004
2001,75-79 years,6.0,556343.0,2001,77.0,65-84,65-84,1924,<1930,2000-2004
2001,80-84 years,6.0,395814.0,2001,82.0,65-84,65-84,1919,<1930,2000-2004
2002,20-24 years,0.0,1651070.0,2002,22.0,20-34,20-49,1980,1980-1989,2000-2004
2002,25-29 years,0.0,1591049.0,2002,27.0,20-34,20-49,1975,1970-1979,2000-2004
2002,30-34 years,1.0,1757105.0,2002,32.0,20-34,20-49,1970,1970-1979,2000-2004
2002,35-39 years,6.0,1794410.0,2002,37.0,35-49,20-49,1965,1960-1969,2000-2004
2002,40-44 years,8.0,1870032.0,2002,42.0,35-49,20-49,1960,1960-1969,2000-2004
2002,45-49 years,7.0,1742093.0,2002,47.0,35-49,20-49,1955,1950-1959,2000-2004
2002,50-54 years,10.0,1535856.0,2002,52.0,50-64,50-64,1950,1950-1959,2000-2004
2002,55-59 years,13.0,1210007.0,2002,57.0,50-64,50-64,1945,1940-1949,2000-2004
2002,60-64 years,9.0,869215.0,2002,62.0,50-64,50-64,1940,1940-1949,2000-2004
2002,65-69 years,9.0,699130.0,2002,67.0,65-84,65-84,1935,1930-1939,2000-2004
2002,70-74 years,9.0,632579.0,2002,72.0,65-84,65-84,1930,1930-1939,2000-2004
2002,75-79 years,10.0,554726.0,2002,77.0,65-84,65-84,1925,<1930,2000-2004
2002,80-84 years,7.0,408184.0,2002,82.0,65-84,65-84,1920,<1930,2000-2004
2003,20-24 years,0.0,1672196.0,2003,22.0,20-34,20-49,1981,1980-1989,2000-2004
2003,25-29 years,0.0,1588473.0,2003,27.0,20-34,20-49,1976,1970-1979,2000-2004
2003,30-34 years,1.0,1731476.0,2003,32.0,20-34,20-49,1971,1970-1979,2000-2004
2003,35-39 years,7.0,1750764.0,2003,37.0,35-49,20-49,1966,1960-1969,2000-2004
2003,40-44 years,4.0,1865490.0,2003,42.0,35-49,20-49,1961,1960-1969,2000-2004
2003,45-49 years,10.0,1769185.0,2003,47.0,35-49,20-49,1956,1950-1959,2000-2004
2003,50-54 years,9.0,1562467.0,2003,52.0,50-64,50-64,1951,1950-1959,2000-2004
2003,55-59 years,15.0,1268509.0,2003,57.0,50-64,50-64,1946,1940-1949,2000-2004
2003,60-64 years,4.0,921325.0,2003,62.0,50-64,50-64,1941,1940-1949,2000-2004
2003,65-69 years,5.0,714522.0,2003,67.0,65-84,65-84,1936,1930-1939,2000-2004
2003,70-74 years,3.0,627147.0,2003,72.0,65-84,65-84,1931,1930-1939,2000-2004
2003,75-79 years,12.0,554035.0,2003,77.0,65-84,65-84,1926,<1930,2000-2004
2003,80-84 years,8.0,416201.0,2003,82.0,65-84,65-84,1921,<1930,2000-2004
2004,20-24 years,0.0,1683828.0,2004,22.0,20-34,20-49,1982,1980-1989,2000-2004
2004,25-29 years,0.0,1605338.0,2004,27.0,20-34,20-49,1977,1970-1979,2000-2004
2004,30-34 years,2.0,1699226.0,2004,32.0,20-34,20-49,1972,1970-1979,2000-2004
2004,35-39 years,5.0,1719749.0,2004,37.0,35-49,20-49,1967,1960-1969,2000-2004
2004,40-44 years,4.0,1864771.0,2004,42.0,35-49,20-49,1962,1960-1969,2000-2004
2004,45-49 years,6.0,1787676.0,2004,47.0,35-49,20-49,1957,1950-1959,2000-2004
2004,50-54 years,7.0,1596970.0,2004,52.0,50-64,50-64,1952,1950-1959,2000-2004
2004,55-59 years,19.0,1332666.0,2004,57.0,50-64,50-64,1947,1940-1949,2000-2004
2004,60-64 years,13.0,967458.0,2004,62.0,50-64,50-64,1942,1940-1949,2000-2004
2004,65-69 years,10.0,733027.0,2004,67.0,65-84,65-84,1937,1930-1939,2000-2004
2004,70-74 years,9.0,621934.0,2004,72.0,65-84,65-84,1932,1930-1939,2000-2004
2004,75-79 years,7.0,549672.0,2004,77.0,65-84,65-84,1927,<1930,2000-2004
2004,80-84 years,4.0,425443.0,2004,82.0,65-84,65-84,1922,<1930,2000-2004
2005,20-24 years,0.0,1690506.0,2005,22.0,20-34,20-49,1983,1980-1989,2005-2009
2005,25-29 years,1.0,1636555.0,2005,27.0,20-34,20-49,1978,1970-1979,2005-2009
2005,30-34 years,1.0,1661127.0,2005,32.0,20-34,20-49,1973,1970-1979,2005-2009
2005,35-39 years,4.0,1724156.0,2005,37.0,35-49,20-49,1968,1960-1969,2005-2009
2005,40-44 years,11.0,1844841.0,2005,42.0,35-49,20-49,1963,1960-1969,2005-2009
2005,45-49 years,14.0,1811396.0,2005,47.0,35-49,20-49,1958,1950-1959,2005-2009
2005,50-54 years,13.0,1631972.0,2005,52.0,50-64,50-64,1953,1950-1959,2005-2009
2005,55-59 years,13.0,1407618.0,2005,57.0,50-64,50-64,1948,1940-1949,2005-2009
2005,60-64 years,5.0,1008043.0,2005,62.0,50-64,50-64,1943,1940-1949,2005-2009
2005,65-69 years,12.0,753356.0,2005,67.0,65-84,65-84,1938,1930-1939,2005-2009
2005,70-74 years,9.0,623996.0,2005,72.0,65-84,65-84,1933,1930-1939,2005-2009
2005,75-79 years,6.0,548125.0,2005,77.0,65-84,65-84,1928,<1930,2005-2009
2005,80-84 years,6.0,432252.0,2005,82.0,65-84,65-84,1923,<1930,2005-2009
2006,20-24 years,0.0,1701159.0,2006,22.0,20-34,20-49,1984,1980-1989,2005-2009
2006,25-29 years,1.0,1696913.0,2006,27.0,20-34,20-49,1979,1970-1979,2005-2009
2006,30-34 years,2.0,1635321.0,2006,32.0,20-34,20-49,1974,1970-1979,2005-2009
2006,35-39 years,7.0,1745069.0,2006,37.0,35-49,20-49,1969,1960-1969,2005-2009
2006,40-44 years,6.0,1815662.0,2006,42.0,35-49,20-49,1964,1960-1969,2005-2009
2006,45-49 years,14.0,1833959.0,2006,47.0,35-49,20-49,1959,1950-1959,2005-2009
2006,50-54 years,16.0,1671963.0,2006,52.0,50-64,50-64,1954,1950-1959,2005-2009
2006,55-59 years,15.0,1479555.0,2006,57.0,50-64,50-64,1949,1940-1949,2005-2009
2006,60-64 years,15.0,1050113.0,2006,62.0,50-64,50-64,1944,1940-1949,2005-2009
2006,65-69 years,8.0,778056.0,2006,67.0,65-84,65-84,1939,1930-1939,2005-2009
2006,70-74 years,9.0,627589.0,2006,72.0,65-84,65-84,1934,1930-1939,2005-2009
2006,75-79 years,5.0,547291.0,2006,77.0,65-84,65-84,1929,<1930,2005-2009
2006,80-84 years,5.0,434147.0,2006,82.0,65-84,65-84,1924,<1930,2005-2009
2007,20-24 years,0.0,1695225.0,2007,22.0,20-34,20-49,1985,1980-1989,2005-2009
2007,25-29 years,0.0,1744084.0,2007,27.0,20-34,20-49,1980,1980-1989,2005-2009
2007,30-34 years,0.0,1635510.0,2007,32.0,20-34,20-49,1975,1970-1979,2005-2009
2007,35-39 years,2.0,1753270.0,2007,37.0,35-49,20-49,1970,1970-1979,2005-2009
2007,40-44 years,10.0,1781142.0,2007,42.0,35-49,20-49,1965,1960-1969,2005-2009
2007,45-49 years,6.0,1842558.0,2007,47.0,35-49,20-49,1960,1960-1969,2005-2009
2007,50-54 years,17.0,1715027.0,2007,52.0,50-64,50-64,1955,1950-1959,2005-2009
2007,55-59 years,8.0,1489093.0,2007,57.0,50-64,50-64,1950,1950-1959,2005-2009
2007,60-64 years,17.0,1149097.0,2007,62.0,50-64,50-64,1945,1940-1949,2005-2009
2007,65-69 years,10.0,812058.0,2007,67.0,65-84,65-84,1940,1940-1949,2005-2009
2007,70-74 years,7.0,634525.0,2007,72.0,65-84,65-84,1935,1930-1939,2005-2009
2007,75-79 years,7.0,543949.0,2007,77.0,65-84,65-84,1930,1930-1939,2005-2009
2007,80-84 years,4.0,435036.0,2007,82.0,65-84,65-84,1925,<1930,2005-2009
2008,20-24 years,0.0,1705967.0,2008,22.0,20-34,20-49,1986,1980-1989,2005-2009
2008,25-29 years,2.0,1789968.0,2008,27.0,20-34,20-49,1981,1980-1989,2005-2009
2008,30-34 years,1.0,1661081.0,2008,32.0,20-34,20-49,1976,1970-1979,2005-2009
2008,35-39 years,6.0,1747257.0,2008,37.0,35-49,20-49,1971,1970-1979,2005-2009
2008,40-44 years,1.0,1752341.0,2008,42.0,35-49,20-49,1966,1960-1969,2005-2009
2008,45-49 years,10.0,1846589.0,2008,47.0,35-49,20-49,1961,1960-1969,2005-2009
2008,50-54 years,20.0,1750498.0,2008,52.0,50-64,50-64,1956,1950-1959,2005-2009
2008,55-59 years,9.0,1522374.0,2008,57.0,50-64,50-64,1951,1950-1959,2005-2009
2008,60-64 years,20.0,1208887.0,2008,62.0,50-64,50-64,1946,1940-1949,2005-2009
2008,65-69 years,15.0,864552.0,2008,67.0,65-84,65-84,1941,1940-1949,2005-2009
2008,70-74 years,15.0,649296.0,2008,72.0,65-84,65-84,1936,1930-1939,2005-2009
2008,75-79 years,12.0,540245.0,2008,77.0,65-84,65-84,1931,1930-1939,2005-2009
2008,80-84 years,10.0,435682.0,2008,82.0,65-84,65-84,1926,<1930,2005-2009
2009,20-24 years,0.0,1721637.0,2009,22.0,20-34,20-49,1987,1980-1989,2005-2009
2009,25-29 years,1.0,1814329.0,2009,27.0,20-34,20-49,1982,1980-1989,2005-2009
2009,30-34 years,2.0,1699976.0,2009,32.0,20-34,20-49,1977,1970-1979,2005-2009
2009,35-39 years,2.0,1728694.0,2009,37.0,35-49,20-49,1972,1970-1979,2005-2009
2009,40-44 years,8.0,1731573.0,2009,42.0,35-49,20-49,1967,1960-1969,2005-2009
2009,45-49 years,13.0,1852390.0,2009,47.0,35-49,20-49,1962,1960-1969,2005-2009
2009,50-54 years,12.0,1776004.0,2009,52.0,50-64,50-64,1957,1950-1959,2005-2009
2009,55-59 years,17.0,1563208.0,2009,57.0,50-64,50-64,1952,1950-1959,2005-2009
2009,60-64 years,20.0,1276651.0,2009,62.0,50-64,50-64,1947,1940-1949,2005-2009
2009,65-69 years,11.0,912212.0,2009,67.0,65-84,65-84,1942,1940-1949,2005-2009
2009,70-74 years,11.0,668508.0,2009,72.0,65-84,65-84,1937,1930-1939,2005-2009
2009,75-79 years,12.0,538674.0,2009,77.0,65-84,65-84,1932,1930-1939,2005-2009
2009,80-84 years,7.0,435104.0,2009,82.0,65-84,65-84,1927,<1930,2005-2009
2010,20-24 years,1.0,1734775.0,2010,22.0,20-34,20-49,1988,1980-1989,2010-2014
2010,25-29 years,1.0,1814055.0,2010,27.0,20-34,20-49,1983,1980-1989,2010-2014
2010,30-34 years,5.0,1740383.0,2010,32.0,20-34,20-49,1978,1970-1979,2010-2014
2010,35-39 years,3.0,1698424.0,2010,37.0,35-49,20-49,1973,1970-1979,2010-2014
2010,40-44 years,7.0,1739161.0,2010,42.0,35-49,20-49,1968,1960-1969,2010-2014
2010,45-49 years,15.0,1836406.0,2010,47.0,35-49,20-49,1963,1960-1969,2010-2014
2010,50-54 years,18.0,1803696.0,2010,52.0,50-64,50-64,1958,1950-1959,2010-2014
2010,55-59 years,26.0,1604613.0,2010,57.0,50-64,50-64,1953,1950-1959,2010-2014
2010,60-64 years,19.0,1352661.0,2010,62.0,50-64,50-64,1948,1940-1949,2010-2014
2010,65-69 years,15.0,954639.0,2010,67.0,65-84,65-84,1943,1940-1949,2010-2014
2010,70-74 years,13.0,687609.0,2010,72.0,65-84,65-84,1938,1930-1939,2010-2014
2010,75-79 years,9.0,540342.0,2010,77.0,65-84,65-84,1933,1930-1939,2010-2014
2010,80-84 years,5.0,434882.0,2010,82.0,65-84,65-84,1928,<1930,2010-2014
2011,20-24 years,2.0,1769614.0,2011,22.0,20-34,20-49,1989,1980-1989,2010-2014
2011,25-29 years,0.0,1819755.0,2011,27.0,20-34,20-49,1984,1980-1989,2010-2014
2011,30-34 years,2.0,1786935.0,2011,32.0,20-34,20-49,1979,1970-1979,2010-2014
2011,35-39 years,4.0,1675093.0,2011,37.0,35-49,20-49,1974,1970-1979,2010-2014
2011,40-44 years,4.0,1763062.0,2011,42.0,35-49,20-49,1969,1960-1969,2010-2014
2011,45-49 years,13.0,1806378.0,2011,47.0,35-49,20-49,1964,1960-1969,2010-2014
2011,50-54 years,15.0,1825085.0,2011,52.0,50-64,50-64,1959,1950-1959,2010-2014
2011,55-59 years,18.0,1648018.0,2011,57.0,50-64,50-64,1954,1950-1959,2010-2014
2011,60-64 years,14.0,1423435.0,2011,62.0,50-64,50-64,1949,1940-1949,2010-2014
2011,65-69 years,23.0,993740.0,2011,67.0,65-84,65-84,1944,1940-1949,2010-2014
2011,70-74 years,9.0,710060.0,2011,72.0,65-84,65-84,1939,1930-1939,2010-2014
2011,75-79 years,14.0,543470.0,2011,77.0,65-84,65-84,1934,1930-1939,2010-2014
2011,80-84 years,7.0,434159.0,2011,82.0,65-84,65-84,1929,<1930,2010-2014
2012,20-24 years,1.0,1808272.0,2012,22.0,20-34,20-49,1990,1990-1999,2010-2014
2012,25-29 years,4.0,1818475.0,2012,27.0,20-34,20-49,1985,1980-1989,2010-2014
2012,30-34 years,1.0,1830360.0,2012,32.0,20-34,20-49,1980,1980-1989,2010-2014
2012,35-39 years,5.0,1684010.0,2012,37.0,35-49,20-49,1975,1970-1979,2010-2014
2012,40-44 years,9.0,1772640.0,2012,42.0,35-49,20-49,1970,1970-1979,2010-2014
2012,45-49 years,11.0,1776457.0,2012,47.0,35-49,20-49,1965,1960-1969,2010-2014
2012,50-54 years,26.0,1833138.0,2012,52.0,50-64,50-64,1960,1960-1969,2010-2014
2012,55-59 years,25.0,1690581.0,2012,57.0,50-64,50-64,1955,1950-1959,2010-2014
2012,60-64 years,17.0,1434133.0,2012,62.0,50-64,50-64,1950,1950-1959,2010-2014
2012,65-69 years,16.0,1087249.0,2012,67.0,65-84,65-84,1945,1940-1949,2010-2014
2012,70-74 years,29.0,742164.0,2012,72.0,65-84,65-84,1940,1940-1949,2010-2014
2012,75-79 years,11.0,549519.0,2012,77.0,65-84,65-84,1935,1930-1939,2010-2014
2012,80-84 years,6.0,432041.0,2012,82.0,65-84,65-84,1930,1930-1939,2010-2014
2013,20-24 years,0.0,1833297.0,2013,22.0,20-34,20-49,1991,1990-1999,2010-2014
2013,25-29 years,1.0,1824957.0,2013,27.0,20-34,20-49,1986,1980-1989,2010-2014
2013,30-34 years,3.0,1867532.0,2013,32.0,20-34,20-49,1981,1980-1989,2010-2014
2013,35-39 years,5.0,1709643.0,2013,37.0,35-49,20-49,1976,1970-1979,2010-2014
2013,40-44 years,9.0,1765095.0,2013,42.0,35-49,20-49,1971,1970-1979,2010-2014
2013,45-49 years,13.0,1745816.0,2013,47.0,35-49,20-49,1966,1960-1969,2010-2014
2013,50-54 years,17.0,1837268.0,2013,52.0,50-64,50-64,1961,1960-1969,2010-2014
2013,55-59 years,26.0,1721745.0,2013,57.0,50-64,50-64,1956,1950-1959,2010-2014
2013,60-64 years,28.0,1464350.0,2013,62.0,50-64,50-64,1951,1950-1959,2010-2014
2013,65-69 years,27.0,1144371.0,2013,67.0,65-84,65-84,1946,1940-1949,2010-2014
2013,70-74 years,26.0,789193.0,2013,72.0,65-84,65-84,1941,1940-1949,2010-2014
2013,75-79 years,11.0,562213.0,2013,77.0,65-84,65-84,1936,1930-1939,2010-2014
2013,80-84 years,11.0,428794.0,2013,82.0,65-84,65-84,1931,1930-1939,2010-2014
2014,20-24 years,0.0,1847847.0,2014,22.0,20-34,20-49,1992,1990-1999,2010-2014
2014,25-29 years,1.0,1852475.0,2014,27.0,20-34,20-49,1987,1980-1989,2010-2014
2014,30-34 years,5.0,1896282.0,2014,32.0,20-34,20-49,1982,1980-1989,2010-2014
2014,35-39 years,6.0,1746352.0,2014,37.0,35-49,20-49,1977,1970-1979,2010-2014
2014,40-44 years,7.0,1744444.0,2014,42.0,35-49,20-49,1972,1970-1979,2010-2014
2014,45-49 years,11.0,1729628.0,2014,47.0,35-49,20-49,1967,1960-1969,2010-2014
2014,50-54 years,17.0,1838102.0,2014,52.0,50-64,50-64,1962,1960-1969,2010-2014
2014,55-59 years,18.0,1744349.0,2014,57.0,50-64,50-64,1957,1950-1959,2010-2014
2014,60-64 years,22.0,1500837.0,2014,62.0,50-64,50-64,1952,1950-1959,2010-2014
2014,65-69 years,17.0,1204508.0,2014,67.0,65-84,65-84,1947,1940-1949,2010-2014
2014,70-74 years,7.0,830341.0,2014,72.0,65-84,65-84,1942,1940-1949,2010-2014
2014,75-79 years,15.0,578600.0,2014,77.0,65-84,65-84,1937,1930-1939,2010-2014
2014,80-84 years,9.0,426154.0,2014,82.0,65-84,65-84,1932,1930-1939,2010-2014
2015,20-24 years,2.0,1842700.0,2015,22.0,20-34,20-49,1993,1990-1999,2015-2019
2015,25-29 years,2.0,1888633.0,2015,27.0,20-34,20-49,1988,1980-1989,2015-2019
2015,30-34 years,3.0,1915652.0,2015,32.0,20-34,20-49,1983,1980-1989,2015-2019
2015,35-39 years,3.0,1797572.0,2015,37.0,35-49,20-49,1978,1970-1979,2015-2019
2015,40-44 years,10.0,1719111.0,2015,42.0,35-49,20-49,1973,1970-1979,2015-2019
2015,45-49 years,10.0,1741024.0,2015,47.0,35-49,20-49,1968,1960-1969,2015-2019
2015,50-54 years,14.0,1820381.0,2015,52.0,50-64,50-64,1963,1960-1969,2015-2019
2015,55-59 years,22.0,1768025.0,2015,57.0,50-64,50-64,1958,1950-1959,2015-2019
2015,60-64 years,28.0,1539719.0,2015,62.0,50-64,50-64,1953,1950-1959,2015-2019
2015,65-69 years,18.0,1268034.0,2015,67.0,65-84,65-84,1948,1940-1949,2015-2019
2015,70-74 years,17.0,867093.0,2015,72.0,65-84,65-84,1943,1940-1949,2015-2019
2015,75-79 years,5.0,592677.0,2015,77.0,65-84,65-84,1938,1930-1939,2015-2019
2015,80-84 years,8.0,426155.0,2015,82.0,65-84,65-84,1933,1930-1939,2015-2019
2016,20-24 years,0.0,1829188.0,2016,22.0,20-34,20-49,1994,1990-1999,2015-2019
2016,25-29 years,3.0,1941334.0,2016,27.0,20-34,20-49,1989,1980-1989,2015-2019
2016,30-34 years,2.0,1938695.0,2016,32.0,20-34,20-49,1984,1980-1989,2015-2019
2016,35-39 years,9.0,1852124.0,2016,37.0,35-49,20-49,1979,1970-1979,2015-2019
2016,40-44 years,10.0,1697407.0,2016,42.0,35-49,20-49,1974,1970-1979,2015-2019
2016,45-49 years,14.0,1763005.0,2016,47.0,35-49,20-49,1969,1960-1969,2015-2019
2016,50-54 years,23.0,1788697.0,2016,52.0,50-64,50-64,1964,1960-1969,2015-2019
2016,55-59 years,18.0,1786517.0,2016,57.0,50-64,50-64,1959,1950-1959,2015-2019
2016,60-64 years,26.0,1577131.0,2016,62.0,50-64,50-64,1954,1950-1959,2015-2019
2016,65-69 years,23.0,1329551.0,2016,67.0,65-84,65-84,1949,1940-1949,2015-2019
2016,70-74 years,9.0,900700.0,2016,72.0,65-84,65-84,1944,1940-1949,2015-2019
2016,75-79 years,10.0,611072.0,2016,77.0,65-84,65-84,1939,1930-1939,2015-2019
2016,80-84 years,9.0,428970.0,2016,82.0,65-84,65-84,1934,1930-1939,2015-2019
2017,20-24 years,0.0,1812277.0,2017,22.0,20-34,20-49,1995,1990-1999,2015-2019
2017,25-29 years,0.0,1984935.0,2017,27.0,20-34,20-49,1990,1990-1999,2015-2019
2017,30-34 years,3.0,1948530.0,2017,32.0,20-34,20-49,1985,1980-1989,2015-2019
2017,35-39 years,7.0,1901038.0,2017,37.0,35-49,20-49,1980,1980-1989,2015-2019
2017,40-44 years,5.0,1705379.0,2017,42.0,35-49,20-49,1975,1970-1979,2015-2019
2017,45-49 years,16.0,1769801.0,2017,47.0,35-49,20-49,1970,1970-1979,2015-2019
2017,50-54 years,18.0,1755265.0,2017,52.0,50-64,50-64,1965,1960-1969,2015-2019
2017,55-59 years,20.0,1790514.0,2017,57.0,50-64,50-64,1960,1960-1969,2015-2019
2017,60-64 years,26.0,1612065.0,2017,62.0,50-64,50-64,1955,1950-1959,2015-2019
2017,65-69 years,26.0,1336332.0,2017,67.0,65-84,65-84,1950,1950-1959,2015-2019
2017,70-74 years,25.0,981547.0,2017,72.0,65-84,65-84,1945,1940-1949,2015-2019
2017,75-79 years,11.0,636930.0,2017,77.0,65-84,65-84,1940,1940-1949,2015-2019
2017,80-84 years,14.0,433430.0,2017,82.0,65-84,65-84,1935,1930-1939,2015-2019
2018,20-24 years,1.0,1798418.0,2018,22.0,20-34,20-49,1996,1990-1999,2015-2019
2018,25-29 years,4.0,2005948.0,2018,27.0,20-34,20-49,1991,1990-1999,2015-2019
2018,30-34 years,2.0,1963373.0,2018,32.0,20-34,20-49,1986,1980-1989,2015-2019
2018,35-39 years,7.0,1942654.0,2018,37.0,35-49,20-49,1981,1980-1989,2015-2019
2018,40-44 years,7.0,1727821.0,2018,42.0,35-49,20-49,1976,1970-1979,2015-2019
2018,45-49 years,12.0,1761106.0,2018,47.0,35-49,20-49,1971,1970-1979,2015-2019
2018,50-54 years,23.0,1724405.0,2018,52.0,50-64,50-64,1966,1960-1969,2015-2019
2018,55-59 years,25.0,1792134.0,2018,57.0,50-64,50-64,1961,1960-1969,2015-2019
2018,60-64 years,24.0,1635875.0,2018,62.0,50-64,50-64,1956,1950-1959,2015-2019
2018,65-69 years,24.0,1361043.0,2018,67.0,65-84,65-84,1951,1950-1959,2015-2019
2018,70-74 years,23.0,1030917.0,2018,72.0,65-84,65-84,1946,1940-1949,2015-2019
2018,75-79 years,19.0,676520.0,2018,77.0,65-84,65-84,1941,1940-1949,2015-2019
2018,80-84 years,7.0,443634.0,2018,82.0,65-84,65-84,1936,1930-1939,2015-2019
2019,20-24 years,2.0,1790187.0,2019,22.0,20-34,20-49,1997,1990-1999,2015-2019
2019,25-29 years,2.0,2007366.0,2019,27.0,20-34,20-49,1992,1990-1999,2015-2019
2019,30-34 years,2.0,1990280.0,2019,32.0,20-34,20-49,1987,1980-1989,2015-2019
2019,35-39 years,8.0,1968540.0,2019,37.0,35-49,20-49,1982,1980-1989,2015-2019
2019,40-44 years,7.0,1760395.0,2019,42.0,35-49,20-49,1977,1970-1979,2015-2019
2019,45-49 years,13.0,1737361.0,2019,47.0,35-49,20-49,1972,1970-1979,2015-2019
2019,50-54 years,20.0,1705620.0,2019,52.0,50-64,50-64,1967,1960-1969,2015-2019
2019,55-59 years,21.0,1788226.0,2019,57.0,50-64,50-64,1962,1960-1969,2015-2019
2019,60-64 years,27.0,1651289.0,2019,62.0,50-64,50-64,1957,1950-1959,2015-2019
2019,65-69 years,17.0,1390292.0,2019,67.0,65-84,65-84,1952,1950-1959,2015-2019
2019,70-74 years,21.0,1081646.0,2019,72.0,65-84,65-84,1947,1940-1949,2015-2019
2019,75-79 years,16.0,709395.0,2019,77.0,65-84,65-84,1942,1940-1949,2015-2019
2019,80-84 years,8.0,456016.0,2019,82.0,65-84,65-84,1937,1930-1939,2015-2019
2020,20-24 years,0.0,1784498.0,2020,22.0,20-34,20-49,1998,1990-1999,2020-2023
2020,25-29 years,5.0,1980220.0,2020,27.0,20-34,20-49,1993,1990-1999,2020-2023
2020,30-34 years,3.0,2017580.0,2020,32.0,20-34,20-49,1988,1980-1989,2020-2023
2020,35-39 years,5.0,1977255.0,2020,37.0,35-49,20-49,1983,1980-1989,2020-2023
2020,40-44 years,10.0,1803107.0,2020,42.0,35-49,20-49,1978,1970-1979,2020-2023
2020,45-49 years,13.0,1706546.0,2020,47.0,35-49,20-49,1973,1970-1979,2020-2023
2020,50-54 years,18.0,1710790.0,2020,52.0,50-64,50-64,1968,1960-1969,2020-2023
2020,55-59 years,22.0,1765882.0,2020,57.0,50-64,50-64,1963,1960-1969,2020-2023
2020,60-64 years,28.0,1667235.0,2020,62.0,50-64,50-64,1958,1950-1959,2020-2023
2020,65-69 years,34.0,1421192.0,2020,67.0,65-84,65-84,1953,1950-1959,2020-2023
2020,70-74 years,16.0,1135849.0,2020,72.0,65-84,65-84,1948,1940-1949,2020-2023
2020,75-79 years,12.0,738379.0,2020,77.0,65-84,65-84,1943,1940-1949,2020-2023
2020,80-84 years,13.0,466364.0,2020,82.0,65-84,65-84,1938,1930-1939,2020-2023
2021,20-24 years,0.0,1780900.0,2021,22.0,20-34,20-49,1999,1990-1999,2020-2023
2021,25-29 years,5.0,1928754.0,2021,27.0,20-34,20-49,1994,1990-1999,2020-2023
2021,30-34 years,1.0,2020341.0,2021,32.0,20-34,20-49,1989,1980-1989,2020-2023
2021,35-39 years,3.0,1970972.0,2021,37.0,35-49,20-49,1984,1980-1989,2020-2023
2021,40-44 years,9.0,1838723.0,2021,42.0,35-49,20-49,1979,1970-1979,2020-2023
2021,45-49 years,7.0,1668075.0,2021,47.0,35-49,20-49,1974,1970-1979,2020-2023
2021,50-54 years,14.0,1721423.0,2021,52.0,50-64,50-64,1969,1960-1969,2020-2023
2021,55-59 years,19.0,1723785.0,2021,57.0,50-64,50-64,1964,1960-1969,2020-2023
2021,60-64 years,23.0,1675558.0,2021,62.0,50-64,50-64,1959,1950-1959,2020-2023
2021,65-69 years,31.0,1449120.0,2021,67.0,65-84,65-84,1954,1950-1959,2020-2023
2021,70-74 years,23.0,1192287.0,2021,72.0,65-84,65-84,1949,1940-1949,2020-2023
2021,75-79 years,14.0,765416.0,2021,77.0,65-84,65-84,1944,1940-1949,2020-2023
2021,80-84 years,10.0,480398.0,2021,82.0,65-84,65-84,1939,1930-1939,2020-2023
2022,20-24 years,1.0,1800751.0,2022,22.0,20-34,20-49,2000,2000+,2020-2023
2022,25-29 years,2.0,1915024.0,2022,27.0,20-34,20-49,1995,1990-1999,2020-2023
2022,30-34 years,9.0,2047922.0,2022,32.0,20-34,20-49,1990,1990-1999,2020-2023
2022,35-39 years,12.0,1967783.0,2022,37.0,35-49,20-49,1985,1980-1989,2020-2023
2022,40-44 years,16.0,1874402.0,2022,42.0,35-49,20-49,1980,1980-1989,2020-2023
2022,45-49 years,16.0,1665980.0,2022,47.0,35-49,20-49,1975,1970-1979,2020-2023
2022,50-54 years,31.0,1716465.0,2022,52.0,50-64,50-64,1970,1970-1979,2020-2023
2022,55-59 years,40.0,1680191.0,2022,57.0,50-64,50-64,1965,1960-1969,2020-2023
2022,60-64 years,32.0,1673252.0,2022,62.0,50-64,50-64,1960,1960-1969,2020-2023
2022,65-69 years,40.0,1472638.0,2022,67.0,65-84,65-84,1955,1950-1959,2020-2023
2022,70-74 years,35.0,1195278.0,2022,72.0,65-84,65-84,1950,1950-1959,2020-2023
2022,75-79 years,28.0,842561.0,2022,77.0,65-84,65-84,1945,1940-1949,2020-2023
2022,80-84 years,18.0,502020.0,2022,82.0,65-84,65-84,1940,1940-1949,2020-2023
2023,20-24 years,1.0,1829508.0,2023,22.0,20-34,20-49,2001,2000+,2020-2023
2023,25-29 years,2.0,1917770.0,2023,27.0,20-34,20-49,1996,1990-1999,2020-2023
2023,30-34 years,5.0,2070587.0,2023,32.0,20-34,20-49,1991,1990-1999,2020-2023
2023,35-39 years,13.0,1978265.0,2023,37.0,35-49,20-49,1986,1980-1989,2020-2023
2023,40-44 years,14.0,1910329.0,2023,42.0,35-49,20-49,1981,1980-1989,2020-2023
2023,45-49 years,20.0,1687527.0,2023,47.0,35-49,20-49,1976,1970-1979,2020-2023
2023,50-54 years,30.0,1701833.0,2023,52.0,50-64,50-64,1971,1970-1979,2020-2023
2023,55-59 years,32.0,1646136.0,2023,57.0,50-64,50-64,1966,1960-1969,2020-2023
2023,60-64 years,39.0,1672153.0,2023,62.0,50-64,50-64,1961,1960-1969,2020-2023
2023,65-69 years,49.0,1496534.0,2023,67.0,65-84,65-84,1956,1950-1959,2020-2023
2023,70-74 years,43.0,1221254.0,2023,72.0,65-84,65-84,1951,1950-1959,2020-2023
2023,75-79 years,42.0,889103.0,2023,77.0,65-84,65-84,1946,1940-1949,2020-2023
2023,80-84 years,22.0,536357.0,2023,82.0,65-84,65-84,1941,1940-1949,2020-2023
