year,age_group,stage_group,cases,population,rate_per_100k
2000,20-49,Distant,0,33668765,0.0
2000,20-49,Localized,0,33668765,0.0
2000,20-49,Regional,0,33668765,0.0
2000,20-49,Unknown/blank,53,33668765,0.15741593135358545
2000,50-64,Distant,0,10765035,0.0
2000,50-64,Localized,0,10765035,0.0
2000,50-64,Regional,0,10765035,0.0
2000,50-64,Unknown/blank,83,10765035,0.7710146785402927
2000,65+,Distant,0,8456508,0.0
2000,65+,Localized,0,8456508,0.0
2000,65+,Regional,0,8456508,0.0
2000,65+,Unknown/blank,105,8456508,1.2416472614937513
2000,<20,Distant,0,22062239,0.0
2000,<20,Localized,0,22062239,0.0
2000,<20,Regional,0,22062239,0.0
2000,<20,Unknown/blank,1,22062239,0.004532631524842062
2000,Unknown,Distant,0,0,
2000,Unknown,Localized,0,0,
2000,Unknown,Regional,0,0,
2000,Unknown,Unknown/blank,0,0,
2001,20-49,Distant,0,33941689,0.0
2001,20-49,Localized,0,33941689,0.0
2001,20-49,Regional,0,33941689,0.0
2001,20-49,Unknown/blank,74,33941689,0.21802097120152153
2001,50-64,Distant,0,11191762,0.0
2001,50-64,Localized,0,11191762,0.0
2001,50-64,Regional,0,11191762,0.0
2001,50-64,Unknown/blank,99,11191762,0.884579211030399
2001,65+,Distant,0,8528000,0.0
2001,65+,Localized,0,8528000,0.0
2001,65+,Regional,0,8528000,0.0
2001,65+,Unknown/blank,118,8528000,1.3836772983114447
2001,<20,Distant,0,22162203,0.0
2001,<20,Localized,0,22162203,0.0
2001,<20,Regional,0,22162203,0.0
2001,<20,Unknown/blank,0,22162203,0.0
2001,Unknown,Distant,0,0,
2001,Unknown,Localized,0,0,
2001,Unknown,Regional,0,0,
2001,Unknown,Unknown/blank,0,0,
2002,20-49,Distant,0,34127808,0.0
2002,20-49,Localized,0,34127808,0.0
2002,20-49,Regional,0,34127808,0.0
2002,20-49,Unknown/blank,78,34127808,0.22855262195567908
2002,50-64,Distant,0,11625941,0.0
2002,50-64,Localized,0,11625941,0.0
2002,50-64,Regional,0,11625941,0.0
2002,50-64,Unknown/blank,90,11625941,0.774130885405319
2002,65+,Distant,0,8599828,0.0
2002,65+,Localized,0,8599828,0.0
2002,65+,Regional,0,8599828,0.0
2002,65+,Unknown/blank,113,8599828,1.3139797679674523
2002,<20,Distant,0,22243919,0.0
2002,<20,Localized,0,22243919,0.0
2002,<20,Regional,0,22243919,0.0
2002,<20,Unknown/blank,0,22243919,0.0
2002,Unknown,Distant,0,0,
2002,Unknown,Localized,0,0,
2002,Unknown,Regional,0,0,
2002,Unknown,Unknown/blank,0,0,
2003,20-49,Distant,0,34215898,0.0
2003,20-49,Localized,0,34215898,0.0
2003,20-49,Regional,0,34215898,0.0
2003,20-49,Unknown/blank,79,34215898,0.23088682342927255
2003,50-64,Distant,0,12068939,0.0
2003,50-64,Localized,0,12068939,0.0
2003,50-64,Regional,0,12068939,0.0
2003,50-64,Unknown/blank,101,12068939,0.8368589815558767
2003,65+,Distant,0,8699941,0.0
2003,65+,Localized,0,8699941,0.0
2003,65+,Regional,0,8699941,0.0
2003,65+,Unknown/blank,127,8699941,1.459780014600099
2003,<20,Distant,0,22339184,0.0
2003,<20,Localized,0,22339184,0.0
2003,<20,Regional,0,22339184,0.0
2003,<20,Unknown/blank,0,22339184,0.0
2003,Unknown,Distant,0,0,
2003,Unknown,Localized,0,0,
2003,Unknown,Regional,0,0,
2003,Unknown,Unknown/blank,0,0,
2004,20-49,Distant,32,34312478,0.09326053338380283
2004,20-49,Localized,13,34312478,0.037887091687169895
2004,20-49,Regional,19,34312478,0.05537344169663293
2004,20-49,Unknown/blank,2,34312478,0.005828783336487677
2004,50-64,Distant,47,12520703,0.3753782834717827
2004,50-64,Localized,25,12520703,0.19966929971903336
2004,50-64,Regional,26,12520703,0.20765607170779468
2004,50-64,Unknown/blank,3,12520703,0.023960315966284
2004,65+,Distant,37,8782188,0.42130730975014424
2004,65+,Localized,32,8782188,0.3643738895136383
2004,65+,Regional,37,8782188,0.42130730975014424
2004,65+,Unknown/blank,3,8782188,0.03416005214190359
2004,<20,Distant,0,22429156,0.0
2004,<20,Localized,2,22429156,0.00891696504317862
2004,<20,Regional,0,22429156,0.0
2004,<20,Unknown/blank,0,22429156,0.0
2004,Unknown,Distant,0,0,
2004,Unknown,Localized,0,0,
2004,Unknown,Regional,0,0,
2004,Unknown,Unknown/blank,0,0,
2005,20-49,Distant,39,34256612,0.11384663492116501
2005,20-49,Localized,19,34256612,0.05546374521800346
2005,20-49,Regional,29,34256612,0.08465519006958423
2005,20-49,Unknown/blank,2,34256612,0.0058382889703161535
2005,50-64,Distant,54,12968498,0.41639363324881573
2005,50-64,Localized,36,12968498,0.2775957554992105
2005,50-64,Regional,26,12968498,0.20048582341609647
2005,50-64,Unknown/blank,4,12968498,0.03084397283324561
2005,65+,Distant,41,8892631,0.46105590122878143
2005,65+,Localized,42,8892631,0.4723011671124103
2005,65+,Regional,35,8892631,0.3935843059270086
2005,65+,Unknown/blank,3,8892631,0.03373579765088645
2005,<20,Distant,0,22427454,0.0
2005,<20,Localized,0,22427454,0.0
2005,<20,Regional,1,22427454,0.004458820871954526
2005,<20,Unknown/blank,0,22427454,0.0
2005,Unknown,Distant,0,0,
2005,Unknown,Localized,0,0,
2005,Unknown,Regional,0,0,
2005,Unknown,Unknown/blank,0,0,
2006,20-49,Distant,32,34264224,0.09339187135830071
2006,20-49,Localized,21,34264224,0.06128841557888485
2006,20-49,Regional,17,34264224,0.049614431659097256
2006,20-49,Unknown/blank,3,34264224,0.008755487939840692
2006,50-64,Distant,69,13415424,0.5143333524158461
2006,50-64,Localized,27,13415424,0.20126087703228762
2006,50-64,Regional,48,13415424,0.3577971147240669
2006,50-64,Unknown/blank,4,13415424,0.02981642622700557
2006,65+,Distant,43,9007678,0.4773705276765
2006,65+,Localized,40,9007678,0.44406560714093024
2006,65+,Regional,39,9007678,0.432963966962407
2006,65+,Unknown/blank,1,9007678,0.011101640178523255
2006,<20,Distant,0,22444157,0.0
2006,<20,Localized,0,22444157,0.0
2006,<20,Regional,0,22444157,0.0
2006,<20,Unknown/blank,1,22444157,0.0044555026058675316
2006,Unknown,Distant,0,0,
2006,Unknown,Localized,0,0,
2006,Unknown,Regional,0,0,
2006,Unknown,Unknown/blank,0,0,
2007,20-49,Distant,32,34264963,0.09338985715525215
2007,20-49,Localized,17,34264963,0.0496133616137277
2007,20-49,Regional,18,34264963,0.052531794649829336
2007,20-49,Unknown/blank,5,34264963,0.014592165180508147
2007,50-64,Distant,63,13878969,0.45392420719435284
2007,50-64,Localized,33,13878969,0.23776982281608958
2007,50-64,Regional,48,13878969,0.3458470150052212
2007,50-64,Unknown/blank,5,13878969,0.03602573072971054
2007,65+,Distant,46,9177496,0.5012260424847911
2007,65+,Localized,50,9177496,0.544810915744338
2007,65+,Regional,43,9177496,0.46853738754013075
2007,65+,Unknown/blank,3,9177496,0.032688654944660285
2007,<20,Distant,0,22552691,0.0
2007,<20,Localized,0,22552691,0.0
2007,<20,Regional,0,22552691,0.0
2007,<20,Unknown/blank,0,22552691,0.0
2007,Unknown,Distant,0,0,
2007,Unknown,Localized,0,0,
2007,Unknown,Regional,0,0,
2007,Unknown,Unknown/blank,0,0,
2008,20-49,Distant,46,34321013,0.13402867799968493
2008,20-49,Localized,18,34321013,0.05244600443465931
2008,20-49,Regional,23,34321013,0.06701433899984247
2008,20-49,Unknown/blank,2,34321013,0.005827333826073257
2008,50-64,Distant,79,14295997,0.5526022424319199
2008,50-64,Localized,41,14295997,0.28679356885707236
2008,50-64,Regional,37,14295997,0.2588137084807726
2008,50-64,Unknown/blank,5,14295997,0.03497482547037468
2008,65+,Distant,58,9424753,0.6154007431282285
2008,65+,Localized,62,9424753,0.6578421736887958
2008,65+,Regional,39,9424753,0.4138039479655329
2008,65+,Unknown/blank,3,9424753,0.031831072920425606
2008,<20,Distant,0,22674560,0.0
2008,<20,Localized,0,22674560,0.0
2008,<20,Regional,0,22674560,0.0
2008,<20,Unknown/blank,0,22674560,0.0
2008,Unknown,Distant,0,0,
2008,Unknown,Localized,0,0,
2008,Unknown,Regional,0,0,
2008,Unknown,Unknown/blank,0,0,
2009,20-49,Distant,53,34405802,0.15404378598702625
2009,20-49,Localized,25,34405802,0.07266216320142747
2009,20-49,Regional,16,34405802,0.046503784448913586
2009,20-49,Unknown/blank,1,34405802,0.002906486528057099
2009,50-64,Distant,60,14733228,0.40724273051363896
2009,50-64,Localized,51,14733228,0.3461563209365931
2009,50-64,Regional,42,14733228,0.2850699113595473
2009,50-64,Unknown/blank,5,14733228,0.033936894209469916
2009,65+,Distant,51,9657679,0.5280771912174758
2009,65+,Localized,53,9657679,0.5487861006769846
2009,65+,Regional,53,9657679,0.5487861006769846
2009,65+,Unknown/blank,6,9657679,0.06212672837852656
2009,<20,Distant,0,22728143,0.0
2009,<20,Localized,0,22728143,0.0
2009,<20,Regional,0,22728143,0.0
2009,<20,Unknown/blank,0,22728143,0.0
2009,Unknown,Distant,0,0,
2009,Unknown,Localized,0,0,
2009,Unknown,Regional,0,0,
2009,Unknown,Unknown/blank,0,0,
2010,20-49,Distant,54,34473127,0.1566437532632302
2010,20-49,Localized,9,34473127,0.026107292210538372
2010,20-49,Regional,23,34473127,0.06671863564915362
2010,20-49,Unknown/blank,5,34473127,0.014504051228076872
2010,50-64,Distant,104,15211640,0.6836869660339057
2010,50-64,Localized,40,15211640,0.262956525397656
2010,50-64,Regional,32,15211640,0.2103652203181248
2010,50-64,Unknown/blank,3,15211640,0.0197217394048242
2010,65+,Distant,63,9886322,0.6372440630600541
2010,65+,Localized,48,9886322,0.4855192861409936
2010,65+,Regional,40,9886322,0.40459940511749465
2010,65+,Unknown/blank,5,9886322,0.05057492563968683
2010,<20,Distant,0,22729276,0.0
2010,<20,Localized,0,22729276,0.0
2010,<20,Regional,1,22729276,0.004399612200582192
2010,<20,Unknown/blank,0,22729276,0.0
2010,Unknown,Distant,0,0,
2010,Unknown,Localized,0,0,
2010,Unknown,Regional,0,0,
2010,Unknown,Unknown/blank,0,0,
2011,20-49,Distant,53,34612343,0.15312456599658683
2011,20-49,Localized,20,34612343,0.05778285509305163
2011,20-49,Regional,23,34612343,0.06645028335700938
2011,20-49,Unknown/blank,1,34612343,0.0028891427546525817
2011,50-64,Distant,79,15636202,0.5052377808882234
2011,50-64,Localized,39,15636202,0.24942118297013557
2011,50-64,Regional,55,15636202,0.3517478221373707
2011,50-64,Unknown/blank,5,15636202,0.031977074739760976
2011,65+,Distant,76,10106780,0.751970459434162
2011,65+,Localized,48,10106780,0.474928711221576
2011,65+,Regional,51,10106780,0.5046117556729245
2011,65+,Unknown/blank,5,10106780,0.04947174075224751
2011,<20,Distant,0,22672666,0.0
2011,<20,Localized,0,22672666,0.0
2011,<20,Regional,0,22672666,0.0
2011,<20,Unknown/blank,0,22672666,0.0
2011,Unknown,Distant,0,0,
2011,Unknown,Localized,0,0,
2011,Unknown,Regional,0,0,
2011,Unknown,Unknown/blank,0,0,
2012,20-49,Distant,58,34739291,0.16695792668883197
2012,20-49,Localized,22,34739291,0.0633288687440397
2012,20-49,Regional,26,34739291,0.0748432085156833
2012,20-49,Unknown/blank,3,34739291,0.008635754828732687
2012,50-64,Distant,97,15828409,0.6128221730939604
2012,50-64,Localized,40,15828409,0.2527101744717362
2012,50-64,Regional,41,15828409,0.25902792883352965
2012,50-64,Unknown/blank,9,15828409,0.056859789256140644
2012,65+,Distant,74,10533719,0.7025059240710712
2012,65+,Localized,55,10533719,0.5221327814041746
2012,65+,Regional,60,10533719,0.5695993978954632
2012,65+,Unknown/blank,2,10533719,0.018986646596515437
2012,<20,Distant,0,22607122,0.0
2012,<20,Localized,0,22607122,0.0
2012,<20,Regional,0,22607122,0.0
2012,<20,Unknown/blank,0,22607122,0.0
2012,Unknown,Distant,0,0,
2012,Unknown,Localized,0,0,
2012,Unknown,Regional,0,0,
2012,Unknown,Unknown/blank,0,0,
2013,20-49,Distant,58,34830848,0.16651905804877332
2013,20-49,Localized,21,34830848,0.060291383086624815
2013,20-49,Regional,23,34830848,0.06603341957106529
2013,20-49,Unknown/blank,2,34830848,0.00574203648444046
2013,50-64,Distant,94,16060686,0.585280105719021
2013,50-64,Localized,44,16060686,0.2739609005493289
2013,50-64,Regional,38,16060686,0.2366025959289659
2013,50-64,Unknown/blank,3,16060686,0.01867915231018152
2013,65+,Distant,79,10895514,0.7250690513545299
2013,65+,Localized,66,10895514,0.6057538910050504
2013,65+,Regional,67,10895514,0.6149319802627027
2013,65+,Unknown/blank,5,10895514,0.04589044628826139
2013,<20,Distant,1,22570316,0.004430598136065086
2013,<20,Localized,0,22570316,0.0
2013,<20,Regional,0,22570316,0.0
2013,<20,Unknown/blank,0,22570316,0.0
2013,Unknown,Distant,0,0,
2013,Unknown,Localized,0,0,
2013,Unknown,Regional,0,0,
2013,Unknown,Unknown/blank,0,0,
2014,20-49,Distant,52,34938764,0.14883182473197965
2014,20-49,Localized,20,34938764,0.05724300951229987
2014,20-49,Regional,24,34938764,0.06869161141475984
2014,20-49,Unknown/blank,1,34938764,0.002862150475614993
2014,50-64,Distant,102,16282745,0.6264300030492401
2014,50-64,Localized,35,16282745,0.21495147163454317
2014,50-64,Regional,49,16282745,0.30093206028836045
2014,50-64,Unknown/blank,8,16282745,0.04913176494503844
2014,65+,Distant,96,11262437,0.8523910056056251
2014,65+,Localized,50,11262437,0.44395364875292975
2014,65+,Regional,46,11262437,0.4084373568526954
2014,65+,Unknown/blank,5,11262437,0.04439536487529298
2014,<20,Distant,0,22548785,0.0
2014,<20,Localized,0,22548785,0.0
2014,<20,Regional,0,22548785,0.0
2014,<20,Unknown/blank,0,22548785,0.0
2014,Unknown,Distant,0,0,
2014,Unknown,Localized,0,0,
2014,Unknown,Regional,0,0,
2014,Unknown,Unknown/blank,0,0,
2015,20-49,Distant,58,35067589,0.1653948892808114
2015,20-49,Localized,16,35067589,0.04562617635332729
2015,20-49,Regional,21,35067589,0.05988435646374206
2015,20-49,Unknown/blank,7,35067589,0.019961452154580686
2015,50-64,Distant,128,16460929,0.7775988827848052
2015,50-64,Localized,44,16460929,0.26729961595727675
2015,50-64,Regional,45,16460929,0.27337460722903306
2015,50-64,Unknown/blank,6,16460929,0.03644994763053774
2015,65+,Distant,93,11632146,0.7995085343667453
2015,65+,Localized,45,11632146,0.3868589682419735
2015,65+,Regional,62,11632146,0.5330056895778303
2015,65+,Unknown/blank,2,11632146,0.01719373192186549
2015,<20,Distant,0,22554236,0.0
2015,<20,Localized,0,22554236,0.0
2015,<20,Regional,0,22554236,0.0
2015,<20,Unknown/blank,0,22554236,0.0
2015,Unknown,Distant,0,0,
2015,Unknown,Localized,0,0,
2015,Unknown,Regional,0,0,
2015,Unknown,Unknown/blank,0,0,
2016,20-49,Distant,47,35241380,0.13336594650947267
2016,20-49,Localized,26,35241380,0.07377690657970828
2016,20-49,Regional,37,35241380,0.10499021320958488
2016,20-49,Unknown/blank,1,35241380,0.00283757332998878
2016,50-64,Distant,100,16558511,0.6039190359567959
2016,50-64,Localized,41,16558511,0.2476068047422863
2016,50-64,Regional,56,16558511,0.3381946601358057
2016,50-64,Unknown/blank,6,16558511,0.03623514215740775
2016,65+,Distant,86,11989924,0.7172689334811463
2016,65+,Localized,55,11989924,0.4587185039705005
2016,65+,Regional,79,11989924,0.6588865784303554
2016,65+,Unknown/blank,1,11989924,0.008340336435827283
2016,<20,Distant,0,22571009,0.0
2016,<20,Localized,0,22571009,0.0
2016,<20,Regional,0,22571009,0.0
2016,<20,Unknown/blank,0,22571009,0.0
2016,Unknown,Distant,0,0,
2016,Unknown,Localized,0,0,
2016,Unknown,Regional,0,0,
2016,Unknown,Unknown/blank,0,0,
2017,20-49,Distant,71,35395422,0.20059091257620829
2017,20-49,Localized,19,35395422,0.05367925829504166
2017,20-49,Regional,25,35395422,0.07063060301979165
2017,20-49,Unknown/blank,0,35395422,0.0
2017,50-64,Distant,97,16607884,0.5840599561027763
2017,50-64,Localized,33,16607884,0.19870080980816102
2017,50-64,Regional,49,16607884,0.2950405963818148
2017,50-64,Unknown/blank,5,16607884,0.030106183304266818
2017,65+,Distant,114,12336158,0.9241126775451481
2017,65+,Localized,66,12336158,0.5350126027892963
2017,65+,Regional,85,12336158,0.6890313823801544
2017,65+,Unknown/blank,6,12336158,0.04863750934448148
2017,<20,Distant,0,22568889,0.0
2017,<20,Localized,0,22568889,0.0
2017,<20,Regional,0,22568889,0.0
2017,<20,Unknown/blank,0,22568889,0.0
2017,Unknown,Distant,0,0,
2017,Unknown,Localized,0,0,
2017,Unknown,Regional,0,0,
2017,Unknown,Unknown/blank,0,0,
2018,20-49,Distant,54,35479874,0.1521989621496401
2018,20-49,Localized,22,35479874,0.06200698457948301
2018,20-49,Regional,24,35479874,0.06764398317761783
2018,20-49,Unknown/blank,4,35479874,0.011273997196269637
2018,50-64,Distant,111,16614055,0.6681090197426215
2018,50-64,Localized,31,16614055,0.18658900551370514
2018,50-64,Regional,63,16614055,0.37919701120527166
2018,50-64,Unknown/blank,7,16614055,0.04213300124503019
2018,65+,Distant,102,12697130,0.8033311464874346
2018,65+,Localized,51,12697130,0.4016655732437173
2018,65+,Regional,75,12697130,0.5906846665348784
2018,65+,Unknown/blank,7,12697130,0.05513056887658865
2018,<20,Distant,0,22522616,0.0
2018,<20,Localized,0,22522616,0.0
2018,<20,Regional,0,22522616,0.0
2018,<20,Unknown/blank,0,22522616,0.0
2018,Unknown,Distant,0,0,
2018,Unknown,Localized,0,0,
2018,Unknown,Regional,0,0,
2018,Unknown,Unknown/blank,0,0,
2019,20-49,Distant,57,35499259,0.16056673182952919
2019,20-49,Localized,20,35499259,0.05633920415071199
2019,20-49,Regional,31,35499259,0.08732576643360358
2019,20-49,Unknown/blank,4,35499259,0.011267840830142397
2019,50-64,Distant,131,16596161,0.7893391730774364
2019,50-64,Localized,48,16596161,0.289223513799366
2019,50-64,Regional,62,16596161,0.37358037199084776
2019,50-64,Unknown/blank,5,16596161,0.030127449354100628
2019,65+,Distant,111,13072258,0.849126447779718
2019,65+,Localized,59,13072258,0.45133748125228246
2019,65+,Regional,72,13072258,0.5507847228841414
2019,65+,Unknown/blank,8,13072258,0.06119830254268238
2019,<20,Distant,0,22438519,0.0
2019,<20,Localized,0,22438519,0.0
2019,<20,Regional,0,22438519,0.0
2019,<20,Unknown/blank,0,22438519,0.0
2019,Unknown,Distant,0,0,
2019,Unknown,Localized,0,0,
2019,Unknown,Regional,0,0,
2019,Unknown,Unknown/blank,0,0,
2020,20-49,Distant,58,35444595,0.16363566856949557
2020,20-49,Localized,9,35444595,0.025391741674576897
2020,20-49,Regional,31,35444595,0.08746044354576488
2020,20-49,Unknown/blank,3,35444595,0.008463913891525633
2020,50-64,Distant,104,16587913,0.6269625359139513
2020,50-64,Localized,38,16587913,0.2290824650454822
2020,50-64,Regional,53,16587913,0.3195097538792252
2020,50-64,Unknown/blank,8,16587913,0.048227887377996256
2020,65+,Distant,114,13440183,0.8482027365252393
2020,65+,Localized,54,13440183,0.40178024361721865
2020,65+,Regional,80,13440183,0.5952299905440276
2020,65+,Unknown/blank,10,13440183,0.07440374881800345
2020,<20,Distant,1,22284125,0.004487499509179742
2020,<20,Localized,1,22284125,0.004487499509179742
2020,<20,Regional,0,22284125,0.0
2020,<20,Unknown/blank,0,22284125,0.0
2020,Unknown,Distant,0,0,
2020,Unknown,Localized,0,0,
2020,Unknown,Regional,0,0,
2020,Unknown,Unknown/blank,0,0,
2021,20-49,Distant,53,35238243,0.15040477472160005
2021,20-49,Localized,23,35238243,0.06526999657729814
2021,20-49,Regional,33,35238243,0.09364825595873211
2021,20-49,Unknown/blank,3,35238243,0.008513477814430192
2021,50-64,Distant,85,16517818,0.5145958140475939
2021,50-64,Localized,34,16517818,0.20583832561903756
2021,50-64,Regional,63,16517818,0.38140630923527546
2021,50-64,Unknown/blank,5,16517818,0.030270342002799645
2021,65+,Distant,113,13782761,0.8198647571411853
2021,65+,Localized,56,13782761,0.40630465840625113
2021,65+,Regional,87,13782761,0.6312233085954257
2021,65+,Unknown/blank,6,13782761,0.043532641972098336
2021,<20,Distant,0,21952998,0.0
2021,<20,Localized,0,21952998,0.0
2021,<20,Regional,0,21952998,0.0
2021,<20,Unknown/blank,0,21952998,0.0
2021,Unknown,Distant,0,0,
2021,Unknown,Localized,0,0,
2021,Unknown,Regional,0,0,
2021,Unknown,Unknown/blank,0,0,
2022,20-49,Distant,69,35333587,0.1952816168932976
2022,20-49,Localized,26,35333587,0.07358437738008315
2022,20-49,Regional,59,35333587,0.1669799332855733
2022,20-49,Unknown/blank,2,35333587,0.005660336721544858
2022,50-64,Distant,132,16358555,0.8069172368830865
2022,50-64,Localized,57,16358555,0.34844153410860557
2022,50-64,Regional,85,16358555,0.5196057964777452
2022,50-64,Unknown/blank,9,16358555,0.05501708433293772
2022,65+,Distant,147,14165778,1.0377121538965246
2022,65+,Localized,91,14165778,0.6423932381264199
2022,65+,Regional,138,14165778,0.9741787567191862
2022,65+,Unknown/blank,8,14165778,0.056474130824300646
2022,<20,Distant,0,21860359,0.0
2022,<20,Localized,0,21860359,0.0
2022,<20,Regional,0,21860359,0.0
2022,<20,Unknown/blank,0,21860359,0.0
2022,Unknown,Distant,0,0,
2022,Unknown,Localized,0,0,
2022,Unknown,Regional,0,0,
2022,Unknown,Unknown/blank,0,0,
2023,20-49,Distant,74,35594151,0.20789932593138685
2023,20-49,Localized,32,35594151,0.0899024112135727
2023,20-49,Regional,54,35594151,0.15171031892290393
2023,20-49,Unknown/blank,1,35594151,0.002809450350424147
2023,50-64,Distant,144,16200329,0.8888708371292954
2023,50-64,Localized,62,16200329,0.3827082770973355
2023,50-64,Regional,108,16200329,0.6666531278469715
2023,50-64,Unknown/blank,7,16200329,0.04320899902711852
2023,65+,Distant,154,14604060,1.0545012825200664
2023,65+,Localized,86,14604060,0.588877339589128
2023,65+,Regional,183,14604060,1.2530761993582606
2023,65+,Unknown/blank,11,14604060,0.07532152018000474
2023,<20,Distant,1,21762426,0.004595075935008349
2023,<20,Localized,0,21762426,0.0
2023,<20,Regional,1,21762426,0.004595075935008349
2023,<20,Unknown/blank,0,21762426,0.0
2023,Unknown,Distant,0,0,
2023,Unknown,Localized,0,0,
2023,Unknown,Regional,0,0,
2023,Unknown,Unknown/blank,0,0,
2000,20-49,Overall,53,33668765,0.15741593135358545
2000,50-64,Overall,83,10765035,0.7710146785402927
2000,65+,Overall,105,8456508,1.2416472614937513
2000,<20,Overall,1,22062239,0.004532631524842062
2000,Unknown,Overall,0,0,
2001,20-49,Overall,74,33941689,0.21802097120152153
2001,50-64,Overall,99,11191762,0.884579211030399
2001,65+,Overall,118,8528000,1.3836772983114447
2001,<20,Overall,0,22162203,0.0
2001,Unknown,Overall,0,0,
2002,20-49,Overall,78,34127808,0.22855262195567908
2002,50-64,Overall,90,11625941,0.774130885405319
2002,65+,Overall,113,8599828,1.3139797679674523
2002,<20,Overall,0,22243919,0.0
2002,Unknown,Overall,0,0,
2003,20-49,Overall,79,34215898,0.23088682342927255
2003,50-64,Overall,101,12068939,0.8368589815558767
2003,65+,Overall,127,8699941,1.459780014600099
2003,<20,Overall,0,22339184,0.0
2003,Unknown,Overall,0,0,
2004,20-49,Overall,66,34312478,0.1923498501040933
2004,50-64,Overall,101,12520703,0.8066639708648948
2004,65+,Overall,109,8782188,1.2411485611558304
2004,<20,Overall,2,22429156,0.00891696504317862
2004,Unknown,Overall,0,0,
2005,20-49,Overall,89,34256612,0.25980385917906884
2005,50-64,Overall,120,12968498,0.9253191849973683
2005,65+,Overall,121,8892631,1.3606771719190867
2005,<20,Overall,1,22427454,0.004458820871954526
2005,Unknown,Overall,0,0,
2006,20-49,Overall,73,34264224,0.2130502065361235
2006,50-64,Overall,148,13415424,1.1032077703992063
2006,65+,Overall,123,9007678,1.3655017419583604
2006,<20,Overall,1,22444157,0.0044555026058675316
2006,Unknown,Overall,0,0,
2007,20-49,Overall,72,34264963,0.21012717859931734
2007,50-64,Overall,149,13878969,1.0735667757453742
2007,65+,Overall,142,9177496,1.54726300071392
2007,<20,Overall,0,22552691,0.0
2007,Unknown,Overall,0,0,
2008,20-49,Overall,89,34321013,0.2593163552602599
2008,50-64,Overall,162,14295997,1.1331843452401396
2008,65+,Overall,162,9424753,1.7188779377029828
2008,<20,Overall,0,22674560,0.0
2008,Unknown,Overall,0,0,
2009,20-49,Overall,95,34405802,0.2761162201654244
2009,50-64,Overall,158,14733228,1.0724058570192494
2009,65+,Overall,163,9657679,1.6877761209499715
2009,<20,Overall,0,22728143,0.0
2009,Unknown,Overall,0,0,
2010,20-49,Overall,91,34473127,0.2639737323509991
2010,50-64,Overall,179,15211640,1.1767304511545105
2010,65+,Overall,156,9886322,1.5779376799582292
2010,<20,Overall,1,22729276,0.004399612200582192
2010,Unknown,Overall,0,0,
2011,20-49,Overall,97,34612343,0.28024684720130044
2011,50-64,Overall,178,15636202,1.1383838607354908
2011,65+,Overall,180,10106780,1.78098266708091
2011,<20,Overall,0,22672666,0.0
2011,Unknown,Overall,0,0,
2012,20-49,Overall,109,34739291,0.31376575877728763
2012,50-64,Overall,187,15828409,1.1814200656553668
2012,65+,Overall,191,10533719,1.8132247499672245
2012,<20,Overall,0,22607122,0.0
2012,Unknown,Overall,0,0,
2013,20-49,Overall,104,34830848,0.2985858971909039
2013,50-64,Overall,179,16060686,1.1145227545074974
2013,65+,Overall,217,10895514,1.9916453689105442
2013,<20,Overall,1,22570316,0.004430598136065086
2013,Unknown,Overall,0,0,
2014,20-49,Overall,97,34938764,0.27762859613465435
2014,50-64,Overall,194,16282745,1.1914452999171823
2014,65+,Overall,197,11262437,1.749177376086543
2014,<20,Overall,0,22548785,0.0
2014,Unknown,Overall,0,0,
2015,20-49,Overall,102,35067589,0.29086687425246144
2015,50-64,Overall,223,16460929,1.3547230536016526
2015,65+,Overall,202,11632146,1.7365669241084147
2015,<20,Overall,0,22554236,0.0
2015,Unknown,Overall,0,0,
2016,20-49,Overall,111,35241380,0.3149706396287546
2016,50-64,Overall,203,16558511,1.2259556429922955
2016,65+,Overall,221,11989924,1.8432143523178295
2016,<20,Overall,0,22571009,0.0
2016,Unknown,Overall,0,0,
2017,20-49,Overall,115,35395422,0.3249007738910416
2017,50-64,Overall,184,16607884,1.1079075455970189
2017,65+,Overall,271,12336158,2.19679417205908
2017,<20,Overall,0,22568889,0.0
2017,Unknown,Overall,0,0,
2018,20-49,Overall,104,35479874,0.29312392710301055
2018,50-64,Overall,212,16614055,1.2760280377066284
2018,65+,Overall,235,12697130,1.850811955142619
2018,<20,Overall,0,22522616,0.0
2018,Unknown,Overall,0,0,
2019,20-49,Overall,112,35499259,0.31549954324398716
2019,50-64,Overall,246,16596161,1.4822705082217509
2019,65+,Overall,250,13072258,1.912446954458824
2019,<20,Overall,0,22438519,0.0
2019,Unknown,Overall,0,0,
2020,20-49,Overall,101,35444595,0.284951767681363
2020,50-64,Overall,203,16587913,1.223782642216655
2020,65+,Overall,258,13440183,1.9196167195044889
2020,<20,Overall,2,22284125,0.008974999018359483
2020,Unknown,Overall,0,0,
2021,20-49,Overall,112,35238243,0.31783650507206046
2021,50-64,Overall,187,16517818,1.1321107909047068
2021,65+,Overall,262,13782761,1.9009253661149605
2021,<20,Overall,0,21952998,0.0
2021,Unknown,Overall,0,0,
2022,20-49,Overall,156,35333587,0.4415062642804989
2022,50-64,Overall,283,16358555,1.7299816518023747
2022,65+,Overall,384,14165778,2.710758279566431
2022,<20,Overall,0,21860359,0.0
2022,Unknown,Overall,0,0,
2023,20-49,Overall,161,35594151,0.45232150641828767
2023,50-64,Overall,321,16200329,1.9814412411007207
2023,65+,Overall,434,14604060,2.97177634164746
2023,<20,Overall,2,21762426,0.009190151870016698
2023,Unknown,Overall,0,0,
